{
  "res_id": "RES0211",
  "qid": "Q2",
  "question_type": "treatment_inventory",
  "per_model": {
    "gpt": {
      "correctness": 2.6666666666666665,
      "completeness": 2.0,
      "faithfulness": 2.6666666666666665,
      "relevance": 4.0,
      "average": 2.8333333333333335
    },
    "claude": {
      "correctness": 2.3333333333333335,
      "completeness": 2.6666666666666665,
      "faithfulness": 2.3333333333333335,
      "relevance": 4.0,
      "average": 2.8333333333333335
    },
    "gemini": {
      "correctness": 3.0,
      "completeness": 2.0,
      "faithfulness": 2.3333333333333335,
      "relevance": 4.666666666666667,
      "average": 3.0
    },
    "grok": {
      "correctness": 3.0,
      "completeness": 3.0,
      "faithfulness": 2.3333333333333335,
      "relevance": 5.0,
      "average": 3.3333333333333335
    }
  },
  "ensemble": {
    "correctness": 2.75,
    "completeness": 2.4166666666666665,
    "faithfulness": 2.416666666666667,
    "relevance": 4.416666666666667,
    "average": 3.0000000000000004
  }
}