{
  "res_id": "RES0210",
  "qid": "Q4",
  "question_type": "ruled_out",
  "per_model": {
    "gpt": {
      "correctness": 1.3333333333333333,
      "completeness": 1.3333333333333333,
      "faithfulness": 1.6666666666666667,
      "relevance": 2.3333333333333335,
      "average": 1.6666666666666667
    },
    "claude": {
      "correctness": 1.3333333333333333,
      "completeness": 1.3333333333333333,
      "faithfulness": 1.3333333333333333,
      "relevance": 1.6666666666666667,
      "average": 1.4166666666666667
    },
    "gemini": {
      "correctness": 1.3333333333333333,
      "completeness": 1.3333333333333333,
      "faithfulness": 1.0,
      "relevance": 2.0,
      "average": 1.4166666666666667
    },
    "grok": {
      "correctness": 1.6666666666666667,
      "completeness": 2.0,
      "faithfulness": 1.3333333333333333,
      "relevance": 3.0,
      "average": 2.0
    }
  },
  "ensemble": {
    "correctness": 1.4166666666666667,
    "completeness": 1.5,
    "faithfulness": 1.3333333333333333,
    "relevance": 2.25,
    "average": 1.625
  }
}