{
  "res_id": "RES0217",
  "qid": "Q6",
  "question_type": "clinical_plan",
  "per_model": {
    "gpt": {
      "correctness": 4.0,
      "completeness": 4.0,
      "faithfulness": 3.6666666666666665,
      "relevance": 5.0,
      "average": 4.166666666666667
    },
    "claude": {
      "correctness": 5.0,
      "completeness": 4.666666666666667,
      "faithfulness": 5.0,
      "relevance": 5.0,
      "average": 4.916666666666667
    },
    "gemini": {
      "correctness": 5.0,
      "completeness": 4.0,
      "faithfulness": 4.666666666666667,
      "relevance": 5.0,
      "average": 4.666666666666667
    },
    "grok": {
      "correctness": 4.0,
      "completeness": 4.0,
      "faithfulness": 4.0,
      "relevance": 5.0,
      "average": 4.25
    }
  },
  "ensemble": {
    "correctness": 4.5,
    "completeness": 4.166666666666667,
    "faithfulness": 4.333333333333333,
    "relevance": 5.0,
    "average": 4.5
  }
}