{
  "res_id": "RES0207",
  "qid": "Q2",
  "question_type": "treatment_inventory",
  "per_model": {
    "gpt": {
      "correctness": 3.6666666666666665,
      "completeness": 2.3333333333333335,
      "faithfulness": 5.0,
      "relevance": 4.0,
      "average": 3.75
    },
    "claude": {
      "correctness": 3.3333333333333335,
      "completeness": 2.0,
      "faithfulness": 4.666666666666667,
      "relevance": 3.0,
      "average": 3.25
    },
    "gemini": {
      "correctness": 4.666666666666667,
      "completeness": 2.0,
      "faithfulness": 5.0,
      "relevance": 4.666666666666667,
      "average": 4.083333333333333
    },
    "grok": {
      "correctness": 4.333333333333333,
      "completeness": 2.6666666666666665,
      "faithfulness": 5.0,
      "relevance": 4.666666666666667,
      "average": 4.166666666666667
    }
  },
  "ensemble": {
    "correctness": 4.0,
    "completeness": 2.25,
    "faithfulness": 4.916666666666667,
    "relevance": 4.083333333333334,
    "average": 3.8125
  }
}