{
  "res_id": "RES0213",
  "qid": "Q2",
  "question_type": "treatment_inventory",
  "per_model": {
    "gpt": {
      "correctness": 3.0,
      "completeness": 3.0,
      "faithfulness": 2.6666666666666665,
      "relevance": 4.666666666666667,
      "average": 3.3333333333333335
    },
    "claude": {
      "correctness": 2.3333333333333335,
      "completeness": 3.0,
      "faithfulness": 2.6666666666666665,
      "relevance": 3.6666666666666665,
      "average": 2.9166666666666665
    },
    "gemini": {
      "correctness": 3.0,
      "completeness": 3.0,
      "faithfulness": 2.6666666666666665,
      "relevance": 5.0,
      "average": 3.4166666666666665
    },
    "grok": {
      "correctness": 2.3333333333333335,
      "completeness": 3.0,
      "faithfulness": 2.0,
      "relevance": 4.666666666666667,
      "average": 3.0
    }
  },
  "ensemble": {
    "correctness": 2.666666666666667,
    "completeness": 3.0,
    "faithfulness": 2.5,
    "relevance": 4.5,
    "average": 3.1666666666666665
  }
}