{
  "res_id": "RES0213",
  "qid": "Q4",
  "question_type": "ruled_out",
  "per_model": {
    "gpt": {
      "correctness": 2.0,
      "completeness": 2.0,
      "faithfulness": 2.0,
      "relevance": 3.0,
      "average": 2.25
    },
    "claude": {
      "correctness": 2.0,
      "completeness": 2.0,
      "faithfulness": 2.0,
      "relevance": 2.3333333333333335,
      "average": 2.0833333333333335
    },
    "gemini": {
      "correctness": 2.0,
      "completeness": 2.0,
      "faithfulness": 3.3333333333333335,
      "relevance": 3.0,
      "average": 2.5833333333333335
    },
    "grok": {
      "correctness": 2.0,
      "completeness": 1.3333333333333333,
      "faithfulness": 2.0,
      "relevance": 3.0,
      "average": 2.0833333333333335
    }
  },
  "ensemble": {
    "correctness": 2.0,
    "completeness": 1.8333333333333333,
    "faithfulness": 2.3333333333333335,
    "relevance": 2.8333333333333335,
    "average": 2.2500000000000004
  }
}