{
  "res_id": "RES0217",
  "qid": "Q4",
  "question_type": "ruled_out",
  "per_model": {
    "gpt": {
      "correctness": 4.333333333333333,
      "completeness": 2.0,
      "faithfulness": 4.333333333333333,
      "relevance": 4.666666666666667,
      "average": 3.8333333333333335
    },
    "claude": {
      "correctness": 2.3333333333333335,
      "completeness": 2.3333333333333335,
      "faithfulness": 4.0,
      "relevance": 3.6666666666666665,
      "average": 3.0833333333333335
    },
    "gemini": {
      "correctness": 4.333333333333333,
      "completeness": 2.3333333333333335,
      "faithfulness": 4.666666666666667,
      "relevance": 5.0,
      "average": 4.083333333333333
    },
    "grok": {
      "correctness": 3.6666666666666665,
      "completeness": 2.0,
      "faithfulness": 4.333333333333333,
      "relevance": 5.0,
      "average": 3.75
    }
  },
  "ensemble": {
    "correctness": 3.6666666666666665,
    "completeness": 2.166666666666667,
    "faithfulness": 4.333333333333333,
    "relevance": 4.583333333333334,
    "average": 3.6875
  }
}