{
  "res_id": "RES0200",
  "qid": "Q3",
  "question_type": "diagnostic_reasoning",
  "per_model": {
    "gpt": {
      "correctness": 4.0,
      "completeness": 3.6666666666666665,
      "faithfulness": 3.6666666666666665,
      "relevance": 4.333333333333333,
      "average": 3.9166666666666665
    },
    "claude": {
      "correctness": 5.0,
      "completeness": 4.0,
      "faithfulness": 4.333333333333333,
      "relevance": 5.0,
      "average": 4.583333333333333
    },
    "gemini": {
      "correctness": 4.666666666666667,
      "completeness": 4.0,
      "faithfulness": 3.6666666666666665,
      "relevance": 5.0,
      "average": 4.333333333333333
    },
    "grok": {
      "correctness": 4.333333333333333,
      "completeness": 4.0,
      "faithfulness": 2.6666666666666665,
      "relevance": 5.0,
      "average": 4.0
    }
  },
  "ensemble": {
    "correctness": 4.5,
    "completeness": 3.9166666666666665,
    "faithfulness": 3.583333333333333,
    "relevance": 4.833333333333333,
    "average": 4.208333333333333
  }
}