{
  "res_id": "RES0199",
  "qid": "Q1",
  "question_type": "symptom_recall",
  "per_model": {
    "gpt": {
      "correctness": 2.0,
      "completeness": 2.0,
      "faithfulness": 2.3333333333333335,
      "relevance": 3.6666666666666665,
      "average": 2.5
    },
    "claude": {
      "correctness": 2.0,
      "completeness": 2.0,
      "faithfulness": 2.6666666666666665,
      "relevance": 3.0,
      "average": 2.4166666666666665
    },
    "gemini": {
      "correctness": 2.0,
      "completeness": 2.0,
      "faithfulness": 2.5,
      "relevance": 3.0,
      "average": 2.375
    },
    "grok": {
      "correctness": 2.0,
      "completeness": 2.0,
      "faithfulness": 2.3333333333333335,
      "relevance": 4.666666666666667,
      "average": 2.75
    }
  },
  "ensemble": {
    "correctness": 2.0,
    "completeness": 2.0,
    "faithfulness": 2.4583333333333335,
    "relevance": 3.583333333333333,
    "average": 2.5104166666666665
  }
}