{
  "res_id": "RES0211",
  "qid": "Q6",
  "question_type": "clinical_plan",
  "per_model": {
    "gpt": {
      "correctness": 2.6666666666666665,
      "completeness": 2.0,
      "faithfulness": 3.3333333333333335,
      "relevance": 4.333333333333333,
      "average": 3.0833333333333335
    },
    "claude": {
      "correctness": 2.0,
      "completeness": 2.0,
      "faithfulness": 2.6666666666666665,
      "relevance": 3.6666666666666665,
      "average": 2.5833333333333335
    },
    "gemini": {
      "correctness": 4.333333333333333,
      "completeness": 2.0,
      "faithfulness": 5.0,
      "relevance": 5.0,
      "average": 4.083333333333333
    },
    "grok": {
      "correctness": 2.0,
      "completeness": 2.0,
      "faithfulness": 4.0,
      "relevance": 5.0,
      "average": 3.25
    }
  },
  "ensemble": {
    "correctness": 2.75,
    "completeness": 2.0,
    "faithfulness": 3.75,
    "relevance": 4.5,
    "average": 3.25
  }
}