{
  "res_id": "RES0212",
  "qid": "Q3",
  "question_type": "diagnostic_reasoning",
  "per_model": {
    "gpt": {
      "correctness": 3.6666666666666665,
      "completeness": 2.3333333333333335,
      "faithfulness": 2.0,
      "relevance": 4.333333333333333,
      "average": 3.0833333333333335
    },
    "claude": {
      "correctness": 3.0,
      "completeness": 2.6666666666666665,
      "faithfulness": 2.6666666666666665,
      "relevance": 3.6666666666666665,
      "average": 3.0
    },
    "gemini": {
      "correctness": 3.6666666666666665,
      "completeness": 2.6666666666666665,
      "faithfulness": 2.3333333333333335,
      "relevance": 5.0,
      "average": 3.4166666666666665
    },
    "grok": {
      "correctness": 3.3333333333333335,
      "completeness": 3.0,
      "faithfulness": 2.0,
      "relevance": 4.0,
      "average": 3.0833333333333335
    }
  },
  "ensemble": {
    "correctness": 3.4166666666666665,
    "completeness": 2.6666666666666665,
    "faithfulness": 2.25,
    "relevance": 4.25,
    "average": 3.1458333333333335
  }
}