{
  "res_id": "RES0209",
  "qid": "Q6",
  "question_type": "clinical_plan",
  "per_model": {
    "gpt": {
      "correctness": 3.3333333333333335,
      "completeness": 3.0,
      "faithfulness": 3.0,
      "relevance": 4.666666666666667,
      "average": 3.5
    },
    "claude": {
      "correctness": 3.0,
      "completeness": 3.0,
      "faithfulness": 3.6666666666666665,
      "relevance": 4.0,
      "average": 3.4166666666666665
    },
    "gemini": {
      "correctness": 4.0,
      "completeness": 4.0,
      "faithfulness": 5.0,
      "relevance": 5.0,
      "average": 4.5
    },
    "grok": {
      "correctness": 2.3333333333333335,
      "completeness": 3.0,
      "faithfulness": 3.3333333333333335,
      "relevance": 4.666666666666667,
      "average": 3.3333333333333335
    }
  },
  "ensemble": {
    "correctness": 3.166666666666667,
    "completeness": 3.25,
    "faithfulness": 3.75,
    "relevance": 4.583333333333334,
    "average": 3.6875
  }
}