{
  "res_id": "RES0217",
  "qid": "Q7",
  "question_type": "temporal_progression",
  "per_model": {
    "gpt": {
      "correctness": 4.0,
      "completeness": 4.0,
      "faithfulness": 4.0,
      "relevance": 5.0,
      "average": 4.25
    },
    "claude": {
      "correctness": 3.6666666666666665,
      "completeness": 4.0,
      "faithfulness": 4.0,
      "relevance": 4.666666666666667,
      "average": 4.083333333333333
    },
    "gemini": {
      "correctness": 5.0,
      "completeness": 4.333333333333333,
      "faithfulness": 4.0,
      "relevance": 5.0,
      "average": 4.583333333333333
    },
    "grok": {
      "correctness": 4.0,
      "completeness": 4.0,
      "faithfulness": 4.0,
      "relevance": 5.0,
      "average": 4.25
    }
  },
  "ensemble": {
    "correctness": 4.166666666666666,
    "completeness": 4.083333333333333,
    "faithfulness": 4.0,
    "relevance": 4.916666666666667,
    "average": 4.291666666666666
  }
}