{
  "res_id": "RES0199",
  "qid": "Q3",
  "question_type": "diagnostic_reasoning",
  "per_model": {
    "gpt": {
      "correctness": 4.0,
      "completeness": 3.3333333333333335,
      "faithfulness": 4.333333333333333,
      "relevance": 5.0,
      "average": 4.166666666666667
    },
    "claude": {
      "correctness": 3.6666666666666665,
      "completeness": 3.0,
      "faithfulness": 4.666666666666667,
      "relevance": 4.666666666666667,
      "average": 4.0
    },
    "gemini": {
      "correctness": 5.0,
      "completeness": 3.3333333333333335,
      "faithfulness": 5.0,
      "relevance": 5.0,
      "average": 4.583333333333333
    },
    "grok": {
      "correctness": 4.0,
      "completeness": 3.3333333333333335,
      "faithfulness": 4.666666666666667,
      "relevance": 5.0,
      "average": 4.25
    }
  },
  "ensemble": {
    "correctness": 4.166666666666666,
    "completeness": 3.2500000000000004,
    "faithfulness": 4.666666666666667,
    "relevance": 4.916666666666667,
    "average": 4.25
  }
}