{
  "res_id": "RES0206",
  "qid": "Q5",
  "question_type": "risk_factors",
  "per_model": {
    "gpt": {
      "correctness": 4.0,
      "completeness": 2.6666666666666665,
      "faithfulness": 3.0,
      "relevance": 4.666666666666667,
      "average": 3.5833333333333335
    },
    "claude": {
      "correctness": 3.6666666666666665,
      "completeness": 3.0,
      "faithfulness": 3.3333333333333335,
      "relevance": 4.666666666666667,
      "average": 3.6666666666666665
    },
    "gemini": {
      "correctness": 4.666666666666667,
      "completeness": 3.0,
      "faithfulness": 4.0,
      "relevance": 5.0,
      "average": 4.166666666666667
    },
    "grok": {
      "correctness": 4.0,
      "completeness": 3.0,
      "faithfulness": 2.3333333333333335,
      "relevance": 5.0,
      "average": 3.5833333333333335
    }
  },
  "ensemble": {
    "correctness": 4.083333333333333,
    "completeness": 2.9166666666666665,
    "faithfulness": 3.166666666666667,
    "relevance": 4.833333333333334,
    "average": 3.7500000000000004
  }
}