{
  "res_id": "RES0200",
  "qid": "Q2",
  "question_type": "treatment_inventory",
  "per_model": {
    "gpt": {
      "correctness": 2.0,
      "completeness": 2.3333333333333335,
      "faithfulness": 2.3333333333333335,
      "relevance": 4.0,
      "average": 2.6666666666666665
    },
    "claude": {
      "correctness": 2.0,
      "completeness": 2.0,
      "faithfulness": 2.0,
      "relevance": 3.3333333333333335,
      "average": 2.3333333333333335
    },
    "gemini": {
      "correctness": 2.3333333333333335,
      "completeness": 2.3333333333333335,
      "faithfulness": 2.6666666666666665,
      "relevance": 5.0,
      "average": 3.0833333333333335
    },
    "grok": {
      "correctness": 2.0,
      "completeness": 2.6666666666666665,
      "faithfulness": 2.0,
      "relevance": 4.333333333333333,
      "average": 2.75
    }
  },
  "ensemble": {
    "correctness": 2.0833333333333335,
    "completeness": 2.3333333333333335,
    "faithfulness": 2.25,
    "relevance": 4.166666666666667,
    "average": 2.7083333333333335
  }
}