{
  "res_id": "RES0209",
  "qid": "Q7",
  "question_type": "temporal_progression",
  "per_model": {
    "gpt": {
      "correctness": 3.0,
      "completeness": 2.0,
      "faithfulness": 2.3333333333333335,
      "relevance": 3.0,
      "average": 2.5833333333333335
    },
    "claude": {
      "correctness": 2.0,
      "completeness": 2.3333333333333335,
      "faithfulness": 3.0,
      "relevance": 2.0,
      "average": 2.3333333333333335
    },
    "gemini": {
      "correctness": 3.3333333333333335,
      "completeness": 2.3333333333333335,
      "faithfulness": 4.0,
      "relevance": 3.3333333333333335,
      "average": 3.25
    },
    "grok": {
      "correctness": 2.3333333333333335,
      "completeness": 2.3333333333333335,
      "faithfulness": 2.3333333333333335,
      "relevance": 3.3333333333333335,
      "average": 2.5833333333333335
    }
  },
  "ensemble": {
    "correctness": 2.666666666666667,
    "completeness": 2.2500000000000004,
    "faithfulness": 2.916666666666667,
    "relevance": 2.916666666666667,
    "average": 2.6875000000000004
  }
}