{
  "res_id": "RES0210",
  "qid": "Q5",
  "question_type": "risk_factors",
  "per_model": {
    "gpt": {
      "correctness": 1.3333333333333333,
      "completeness": 1.0,
      "faithfulness": 1.6666666666666667,
      "relevance": 2.6666666666666665,
      "average": 1.6666666666666667
    },
    "claude": {
      "correctness": 1.0,
      "completeness": 1.0,
      "faithfulness": 1.0,
      "relevance": 2.0,
      "average": 1.25
    },
    "gemini": {
      "correctness": 1.0,
      "completeness": 1.0,
      "faithfulness": 1.0,
      "relevance": 1.6666666666666667,
      "average": 1.1666666666666667
    },
    "grok": {
      "correctness": 1.3333333333333333,
      "completeness": 1.3333333333333333,
      "faithfulness": 1.6666666666666667,
      "relevance": 2.6666666666666665,
      "average": 1.75
    }
  },
  "ensemble": {
    "correctness": 1.1666666666666665,
    "completeness": 1.0833333333333333,
    "faithfulness": 1.3333333333333335,
    "relevance": 2.25,
    "average": 1.4583333333333335
  }
}