{
  "res_id": "RES0202",
  "qid": "Q5",
  "question_type": "risk_factors",
  "per_model": {
    "gpt": {
      "correctness": 2.3333333333333335,
      "completeness": 2.0,
      "faithfulness": 2.0,
      "relevance": 4.0,
      "average": 2.5833333333333335
    },
    "claude": {
      "correctness": 2.0,
      "completeness": 2.3333333333333335,
      "faithfulness": 2.0,
      "relevance": 3.0,
      "average": 2.3333333333333335
    },
    "gemini": {
      "correctness": 3.0,
      "completeness": 2.6666666666666665,
      "faithfulness": 2.0,
      "relevance": 5.0,
      "average": 3.1666666666666665
    },
    "grok": {
      "correctness": 2.3333333333333335,
      "completeness": 2.3333333333333335,
      "faithfulness": 2.3333333333333335,
      "relevance": 4.666666666666667,
      "average": 2.9166666666666665
    }
  },
  "ensemble": {
    "correctness": 2.416666666666667,
    "completeness": 2.3333333333333335,
    "faithfulness": 2.0833333333333335,
    "relevance": 4.166666666666667,
    "average": 2.75
  }
}