{
  "res_id": "RES0212",
  "qid": "Q7",
  "question_type": "temporal_progression",
  "per_model": {
    "gpt": {
      "correctness": 2.6666666666666665,
      "completeness": 3.0,
      "faithfulness": 3.0,
      "relevance": 5.0,
      "average": 3.4166666666666665
    },
    "claude": {
      "correctness": 2.0,
      "completeness": 3.0,
      "faithfulness": 3.0,
      "relevance": 4.333333333333333,
      "average": 3.0833333333333335
    },
    "gemini": {
      "correctness": 3.0,
      "completeness": 4.666666666666667,
      "faithfulness": 3.0,
      "relevance": 5.0,
      "average": 3.9166666666666665
    },
    "grok": {
      "correctness": 2.0,
      "completeness": 3.0,
      "faithfulness": 2.6666666666666665,
      "relevance": 5.0,
      "average": 3.1666666666666665
    }
  },
  "ensemble": {
    "correctness": 2.4166666666666665,
    "completeness": 3.416666666666667,
    "faithfulness": 2.9166666666666665,
    "relevance": 4.833333333333333,
    "average": 3.395833333333333
  }
}