{
  "res_id": "RES0209",
  "qid": "Q4",
  "question_type": "ruled_out",
  "per_model": {
    "gpt": {
      "correctness": 2.0,
      "completeness": 1.0,
      "faithfulness": 3.0,
      "relevance": 2.0,
      "average": 2.0
    },
    "claude": {
      "correctness": 1.6666666666666667,
      "completeness": 1.0,
      "faithfulness": 2.0,
      "relevance": 1.6666666666666667,
      "average": 1.5833333333333333
    },
    "gemini": {
      "correctness": 2.0,
      "completeness": 1.6666666666666667,
      "faithfulness": 3.6666666666666665,
      "relevance": 2.0,
      "average": 2.3333333333333335
    },
    "grok": {
      "correctness": 1.6666666666666667,
      "completeness": 1.0,
      "faithfulness": 2.0,
      "relevance": 2.3333333333333335,
      "average": 1.75
    }
  },
  "ensemble": {
    "correctness": 1.8333333333333335,
    "completeness": 1.1666666666666667,
    "faithfulness": 2.6666666666666665,
    "relevance": 2.0,
    "average": 1.9166666666666665
  }
}