{
  "res_id": "RES0203",
  "qid": "Q7",
  "question_type": "temporal_progression",
  "per_model": {
    "gpt": {
      "correctness": 3.6666666666666665,
      "completeness": 3.0,
      "faithfulness": 3.6666666666666665,
      "relevance": 5.0,
      "average": 3.8333333333333335
    },
    "claude": {
      "correctness": 4.0,
      "completeness": 3.0,
      "faithfulness": 4.666666666666667,
      "relevance": 5.0,
      "average": 4.166666666666667
    },
    "gemini": {
      "correctness": 4.0,
      "completeness": 3.0,
      "faithfulness": 4.333333333333333,
      "relevance": 5.0,
      "average": 4.083333333333333
    },
    "grok": {
      "correctness": 4.666666666666667,
      "completeness": 4.0,
      "faithfulness": 5.0,
      "relevance": 5.0,
      "average": 4.666666666666667
    }
  },
  "ensemble": {
    "correctness": 4.083333333333333,
    "completeness": 3.25,
    "faithfulness": 4.416666666666667,
    "relevance": 5.0,
    "average": 4.1875
  }
}