{
  "res_id": "RES0212",
  "qid": "Q4",
  "question_type": "ruled_out",
  "per_model": {
    "gpt": {
      "correctness": 2.3333333333333335,
      "completeness": 2.0,
      "faithfulness": 3.3333333333333335,
      "relevance": 3.0,
      "average": 2.6666666666666665
    },
    "claude": {
      "correctness": 2.0,
      "completeness": 2.0,
      "faithfulness": 2.6666666666666665,
      "relevance": 2.6666666666666665,
      "average": 2.3333333333333335
    },
    "gemini": {
      "correctness": 3.5,
      "completeness": 2.0,
      "faithfulness": 5.0,
      "relevance": 4.5,
      "average": 3.75
    },
    "grok": {
      "correctness": 2.0,
      "completeness": 2.0,
      "faithfulness": 3.3333333333333335,
      "relevance": 3.3333333333333335,
      "average": 2.6666666666666665
    }
  },
  "ensemble": {
    "correctness": 2.4583333333333335,
    "completeness": 2.0,
    "faithfulness": 3.5833333333333335,
    "relevance": 3.375,
    "average": 2.8541666666666665
  }
}