{
  "res_id": "RES0212",
  "qid": "Q2",
  "question_type": "treatment_inventory",
  "per_model": {
    "gpt": {
      "correctness": 4.0,
      "completeness": 2.0,
      "faithfulness": 4.0,
      "relevance": 4.0,
      "average": 3.5
    },
    "claude": {
      "correctness": 2.0,
      "completeness": 1.3333333333333333,
      "faithfulness": 3.0,
      "relevance": 2.0,
      "average": 2.0833333333333335
    },
    "gemini": {
      "correctness": 4.0,
      "completeness": 1.6666666666666667,
      "faithfulness": 5.0,
      "relevance": 4.333333333333333,
      "average": 3.75
    },
    "grok": {
      "correctness": 5.0,
      "completeness": 1.6666666666666667,
      "faithfulness": 4.666666666666667,
      "relevance": 4.333333333333333,
      "average": 3.9166666666666665
    }
  },
  "ensemble": {
    "correctness": 3.75,
    "completeness": 1.6666666666666667,
    "faithfulness": 4.166666666666667,
    "relevance": 3.666666666666666,
    "average": 3.3125
  }
}