{
  "res_id": "RES0209",
  "qid": "Q1",
  "question_type": "symptom_recall",
  "per_model": {
    "gpt": {
      "correctness": 2.0,
      "completeness": 2.0,
      "faithfulness": 2.0,
      "relevance": 3.0,
      "average": 2.25
    },
    "claude": {
      "correctness": 2.0,
      "completeness": 3.0,
      "faithfulness": 2.3333333333333335,
      "relevance": 3.0,
      "average": 2.5833333333333335
    },
    "gemini": {
      "correctness": 2.0,
      "completeness": 2.6666666666666665,
      "faithfulness": 2.0,
      "relevance": 3.6666666666666665,
      "average": 2.5833333333333335
    },
    "grok": {
      "correctness": 2.3333333333333335,
      "completeness": 3.0,
      "faithfulness": 2.0,
      "relevance": 4.333333333333333,
      "average": 2.9166666666666665
    }
  },
  "ensemble": {
    "correctness": 2.0833333333333335,
    "completeness": 2.6666666666666665,
    "faithfulness": 2.0833333333333335,
    "relevance": 3.5,
    "average": 2.5833333333333335
  }
}