{
  "res_id": "RES0214",
  "qid": "Q5",
  "question_type": "risk_factors",
  "per_model": {
    "gpt": {
      "correctness": 4.0,
      "completeness": 3.0,
      "faithfulness": 2.6666666666666665,
      "relevance": 5.0,
      "average": 3.6666666666666665
    },
    "claude": {
      "correctness": 3.6666666666666665,
      "completeness": 4.0,
      "faithfulness": 3.0,
      "relevance": 4.333333333333333,
      "average": 3.75
    },
    "gemini": {
      "correctness": 5.0,
      "completeness": 4.0,
      "faithfulness": 4.0,
      "relevance": 5.0,
      "average": 4.5
    },
    "grok": {
      "correctness": 4.0,
      "completeness": 4.0,
      "faithfulness": 2.3333333333333335,
      "relevance": 5.0,
      "average": 3.8333333333333335
    }
  },
  "ensemble": {
    "correctness": 4.166666666666666,
    "completeness": 3.75,
    "faithfulness": 3.0,
    "relevance": 4.833333333333333,
    "average": 3.9375
  }
}