{
  "res_id": "RES0210",
  "qid": "Q2",
  "question_type": "treatment_inventory",
  "per_model": {
    "gpt": {
      "correctness": 3.3333333333333335,
      "completeness": 4.0,
      "faithfulness": 3.0,
      "relevance": 4.333333333333333,
      "average": 3.6666666666666665
    },
    "claude": {
      "correctness": 3.0,
      "completeness": 3.0,
      "faithfulness": 2.3333333333333335,
      "relevance": 4.333333333333333,
      "average": 3.1666666666666665
    },
    "gemini": {
      "correctness": 4.0,
      "completeness": 4.0,
      "faithfulness": 2.3333333333333335,
      "relevance": 5.0,
      "average": 3.8333333333333335
    },
    "grok": {
      "correctness": 4.0,
      "completeness": 4.0,
      "faithfulness": 2.6666666666666665,
      "relevance": 5.0,
      "average": 3.9166666666666665
    }
  },
  "ensemble": {
    "correctness": 3.5833333333333335,
    "completeness": 3.75,
    "faithfulness": 2.5833333333333335,
    "relevance": 4.666666666666666,
    "average": 3.645833333333333
  }
}