{
  "res_id": "RES0215",
  "qid": "Q1",
  "question_type": "symptom_recall",
  "per_model": {
    "gpt": {
      "correctness": 3.0,
      "completeness": 3.3333333333333335,
      "faithfulness": 3.0,
      "relevance": 5.0,
      "average": 3.5833333333333335
    },
    "claude": {
      "correctness": 2.3333333333333335,
      "completeness": 2.6666666666666665,
      "faithfulness": 3.0,
      "relevance": 3.3333333333333335,
      "average": 2.8333333333333335
    },
    "gemini": {
      "correctness": 2.0,
      "completeness": 2.6666666666666665,
      "faithfulness": 2.3333333333333335,
      "relevance": 5.0,
      "average": 3.0
    },
    "grok": {
      "correctness": 2.3333333333333335,
      "completeness": 3.0,
      "faithfulness": 4.0,
      "relevance": 5.0,
      "average": 3.5833333333333335
    }
  },
  "ensemble": {
    "correctness": 2.416666666666667,
    "completeness": 2.9166666666666665,
    "faithfulness": 3.0833333333333335,
    "relevance": 4.583333333333334,
    "average": 3.2500000000000004
  }
}