{
  "res_id": "RES0198",
  "qid": "Q7",
  "question_type": "temporal_progression",
  "per_model": {
    "gpt": {
      "correctness": 3.0,
      "completeness": 3.0,
      "faithfulness": 2.6666666666666665,
      "relevance": 4.333333333333333,
      "average": 3.25
    },
    "claude": {
      "correctness": 2.0,
      "completeness": 3.0,
      "faithfulness": 3.0,
      "relevance": 3.6666666666666665,
      "average": 2.9166666666666665
    },
    "gemini": {
      "correctness": 3.0,
      "completeness": 3.0,
      "faithfulness": 4.666666666666667,
      "relevance": 5.0,
      "average": 3.9166666666666665
    },
    "grok": {
      "correctness": 3.3333333333333335,
      "completeness": 3.0,
      "faithfulness": 5.0,
      "relevance": 5.0,
      "average": 4.083333333333333
    }
  },
  "ensemble": {
    "correctness": 2.8333333333333335,
    "completeness": 3.0,
    "faithfulness": 3.833333333333333,
    "relevance": 4.5,
    "average": 3.541666666666666
  }
}