{
  "res_id": "RES0212",
  "qid": "Q3",
  "question_type": "diagnostic_reasoning",
  "per_model": {
    "gpt": {
      "correctness": 2.0,
      "completeness": 2.0,
      "faithfulness": 2.0,
      "relevance": 3.3333333333333335,
      "average": 2.3333333333333335
    },
    "claude": {
      "correctness": 2.0,
      "completeness": 3.0,
      "faithfulness": 2.0,
      "relevance": 3.0,
      "average": 2.5
    },
    "gemini": {
      "correctness": 2.6666666666666665,
      "completeness": 2.3333333333333335,
      "faithfulness": 2.0,
      "relevance": 3.0,
      "average": 2.5
    },
    "grok": {
      "correctness": 2.0,
      "completeness": 2.0,
      "faithfulness": 2.0,
      "relevance": 3.6666666666666665,
      "average": 2.4166666666666665
    }
  },
  "ensemble": {
    "correctness": 2.1666666666666665,
    "completeness": 2.3333333333333335,
    "faithfulness": 2.0,
    "relevance": 3.25,
    "average": 2.4375
  }
}