{
  "res_id": "RES0202",
  "qid": "Q4",
  "question_type": "ruled_out",
  "per_model": {
    "gpt": {
      "correctness": 1.0,
      "completeness": 1.0,
      "faithfulness": 2.0,
      "relevance": 2.3333333333333335,
      "average": 1.5833333333333333
    },
    "claude": {
      "correctness": 1.0,
      "completeness": 1.0,
      "faithfulness": 2.0,
      "relevance": 1.0,
      "average": 1.25
    },
    "gemini": {
      "correctness": 1.0,
      "completeness": 1.3333333333333333,
      "faithfulness": 2.6666666666666665,
      "relevance": 1.3333333333333333,
      "average": 1.5833333333333333
    },
    "grok": {
      "correctness": 1.0,
      "completeness": 1.0,
      "faithfulness": 2.0,
      "relevance": 1.0,
      "average": 1.25
    }
  },
  "ensemble": {
    "correctness": 1.0,
    "completeness": 1.0833333333333333,
    "faithfulness": 2.1666666666666665,
    "relevance": 1.4166666666666667,
    "average": 1.4166666666666665
  }
}