{
  "res_id": "RES0215",
  "qid": "Q2",
  "question_type": "treatment_inventory",
  "per_model": {
    "gpt": {
      "correctness": 4.0,
      "completeness": 3.0,
      "faithfulness": 3.6666666666666665,
      "relevance": 4.666666666666667,
      "average": 3.8333333333333335
    },
    "claude": {
      "correctness": 3.3333333333333335,
      "completeness": 3.0,
      "faithfulness": 2.6666666666666665,
      "relevance": 4.0,
      "average": 3.25
    },
    "gemini": {
      "correctness": 4.5,
      "completeness": 3.0,
      "faithfulness": 4.0,
      "relevance": 4.5,
      "average": 4.0
    },
    "grok": {
      "correctness": 3.6666666666666665,
      "completeness": 3.0,
      "faithfulness": 2.3333333333333335,
      "relevance": 4.333333333333333,
      "average": 3.3333333333333335
    }
  },
  "ensemble": {
    "correctness": 3.875,
    "completeness": 3.0,
    "faithfulness": 3.1666666666666665,
    "relevance": 4.375,
    "average": 3.604166666666667
  }
}