{
  "res_id": "RES0211",
  "qid": "Q7",
  "question_type": "temporal_progression",
  "per_model": {
    "gpt": {
      "correctness": 1.0,
      "completeness": 1.0,
      "faithfulness": 1.0,
      "relevance": 3.3333333333333335,
      "average": 1.5833333333333333
    },
    "claude": {
      "correctness": 1.0,
      "completeness": 1.0,
      "faithfulness": 1.0,
      "relevance": 2.3333333333333335,
      "average": 1.3333333333333333
    },
    "gemini": {
      "correctness": 1.0,
      "completeness": 1.0,
      "faithfulness": 1.0,
      "relevance": 1.3333333333333333,
      "average": 1.0833333333333333
    },
    "grok": {
      "correctness": 1.3333333333333333,
      "completeness": 1.0,
      "faithfulness": 1.3333333333333333,
      "relevance": 5.0,
      "average": 2.1666666666666665
    }
  },
  "ensemble": {
    "correctness": 1.0833333333333333,
    "completeness": 1.0,
    "faithfulness": 1.0833333333333333,
    "relevance": 3.0,
    "average": 1.5416666666666665
  }
}