{
  "res_id": "RES0201",
  "qid": "Q4",
  "question_type": "ruled_out",
  "per_model": {
    "gpt": {
      "correctness": 2.0,
      "completeness": 1.0,
      "faithfulness": 2.3333333333333335,
      "relevance": 3.0,
      "average": 2.0833333333333335
    },
    "claude": {
      "correctness": 1.3333333333333333,
      "completeness": 1.0,
      "faithfulness": 2.3333333333333335,
      "relevance": 2.0,
      "average": 1.6666666666666667
    },
    "gemini": {
      "correctness": 2.3333333333333335,
      "completeness": 1.0,
      "faithfulness": 4.333333333333333,
      "relevance": 4.0,
      "average": 2.9166666666666665
    },
    "grok": {
      "correctness": 2.0,
      "completeness": 1.0,
      "faithfulness": 2.0,
      "relevance": 3.0,
      "average": 2.0
    }
  },
  "ensemble": {
    "correctness": 1.9166666666666665,
    "completeness": 1.0,
    "faithfulness": 2.75,
    "relevance": 3.0,
    "average": 2.1666666666666665
  }
}