{
  "res_id": "RES0209",
  "qid": "Q3",
  "question_type": "diagnostic_reasoning",
  "per_model": {
    "gpt": {
      "correctness": 3.3333333333333335,
      "completeness": 2.3333333333333335,
      "faithfulness": 2.6666666666666665,
      "relevance": 4.0,
      "average": 3.0833333333333335
    },
    "claude": {
      "correctness": 3.0,
      "completeness": 3.0,
      "faithfulness": 3.0,
      "relevance": 4.0,
      "average": 3.25
    },
    "gemini": {
      "correctness": 2.6666666666666665,
      "completeness": 2.3333333333333335,
      "faithfulness": 3.3333333333333335,
      "relevance": 4.666666666666667,
      "average": 3.25
    },
    "grok": {
      "correctness": 3.6666666666666665,
      "completeness": 3.0,
      "faithfulness": 2.6666666666666665,
      "relevance": 4.0,
      "average": 3.3333333333333335
    }
  },
  "ensemble": {
    "correctness": 3.1666666666666665,
    "completeness": 2.666666666666667,
    "faithfulness": 2.9166666666666665,
    "relevance": 4.166666666666667,
    "average": 3.229166666666667
  }
}