{
  "res_id": "RES0216",
  "qid": "Q4",
  "question_type": "ruled_out",
  "per_model": {
    "gpt": {
      "correctness": 3.3333333333333335,
      "completeness": 3.0,
      "faithfulness": 3.0,
      "relevance": 4.333333333333333,
      "average": 3.4166666666666665
    },
    "claude": {
      "correctness": 3.6666666666666665,
      "completeness": 3.0,
      "faithfulness": 4.333333333333333,
      "relevance": 4.333333333333333,
      "average": 3.8333333333333335
    },
    "gemini": {
      "correctness": 3.3333333333333335,
      "completeness": 2.6666666666666665,
      "faithfulness": 2.6666666666666665,
      "relevance": 5.0,
      "average": 3.4166666666666665
    },
    "grok": {
      "correctness": 3.3333333333333335,
      "completeness": 3.0,
      "faithfulness": 2.0,
      "relevance": 4.0,
      "average": 3.0833333333333335
    }
  },
  "ensemble": {
    "correctness": 3.416666666666667,
    "completeness": 2.9166666666666665,
    "faithfulness": 3.0,
    "relevance": 4.416666666666666,
    "average": 3.4375
  }
}