{
  "res_id": "RES0207",
  "qid": "Q4",
  "question_type": "ruled_out",
  "per_model": {
    "gpt": {
      "correctness": 1.3333333333333333,
      "completeness": 1.0,
      "faithfulness": 2.0,
      "relevance": 2.0,
      "average": 1.5833333333333333
    },
    "claude": {
      "correctness": 1.0,
      "completeness": 1.0,
      "faithfulness": 2.0,
      "relevance": 1.3333333333333333,
      "average": 1.3333333333333333
    },
    "gemini": {
      "correctness": 1.6666666666666667,
      "completeness": 1.0,
      "faithfulness": 3.3333333333333335,
      "relevance": 2.0,
      "average": 2.0
    },
    "grok": {
      "correctness": 1.0,
      "completeness": 1.0,
      "faithfulness": 2.0,
      "relevance": 2.0,
      "average": 1.5
    }
  },
  "ensemble": {
    "correctness": 1.25,
    "completeness": 1.0,
    "faithfulness": 2.3333333333333335,
    "relevance": 1.8333333333333333,
    "average": 1.6041666666666665
  }
}