{
  "res_id": "RES0213",
  "qid": "Q5",
  "question_type": "risk_factors",
  "per_model": {
    "gpt": {
      "correctness": 4.0,
      "completeness": 3.0,
      "faithfulness": 2.6666666666666665,
      "relevance": 4.0,
      "average": 3.4166666666666665
    },
    "claude": {
      "correctness": 2.3333333333333335,
      "completeness": 3.0,
      "faithfulness": 2.0,
      "relevance": 3.6666666666666665,
      "average": 2.75
    },
    "gemini": {
      "correctness": 4.666666666666667,
      "completeness": 3.0,
      "faithfulness": 3.6666666666666665,
      "relevance": 5.0,
      "average": 4.083333333333333
    },
    "grok": {
      "correctness": 4.0,
      "completeness": 3.6666666666666665,
      "faithfulness": 2.3333333333333335,
      "relevance": 5.0,
      "average": 3.75
    }
  },
  "ensemble": {
    "correctness": 3.75,
    "completeness": 3.1666666666666665,
    "faithfulness": 2.6666666666666665,
    "relevance": 4.416666666666666,
    "average": 3.5
  }
}