{
  "res_id": "RES0217",
  "qid": "Q3",
  "question_type": "diagnostic_reasoning",
  "per_model": {
    "gpt": {
      "correctness": 3.3333333333333335,
      "completeness": 3.0,
      "faithfulness": 3.0,
      "relevance": 4.333333333333333,
      "average": 3.4166666666666665
    },
    "claude": {
      "correctness": 2.6666666666666665,
      "completeness": 3.0,
      "faithfulness": 3.3333333333333335,
      "relevance": 4.0,
      "average": 3.25
    },
    "gemini": {
      "correctness": 4.333333333333333,
      "completeness": 3.0,
      "faithfulness": 4.666666666666667,
      "relevance": 5.0,
      "average": 4.25
    },
    "grok": {
      "correctness": 3.6666666666666665,
      "completeness": 3.3333333333333335,
      "faithfulness": 4.0,
      "relevance": 5.0,
      "average": 4.0
    }
  },
  "ensemble": {
    "correctness": 3.4999999999999996,
    "completeness": 3.0833333333333335,
    "faithfulness": 3.75,
    "relevance": 4.583333333333333,
    "average": 3.7291666666666665
  }
}