{
  "res_id": "RES0213",
  "qid": "Q3",
  "question_type": "diagnostic_reasoning",
  "per_model": {
    "gpt": {
      "correctness": 1.6666666666666667,
      "completeness": 2.0,
      "faithfulness": 2.0,
      "relevance": 3.6666666666666665,
      "average": 2.3333333333333335
    },
    "claude": {
      "correctness": 2.0,
      "completeness": 3.0,
      "faithfulness": 2.6666666666666665,
      "relevance": 3.0,
      "average": 2.6666666666666665
    },
    "gemini": {
      "correctness": 2.6666666666666665,
      "completeness": 2.6666666666666665,
      "faithfulness": 1.6666666666666667,
      "relevance": 5.0,
      "average": 3.0
    },
    "grok": {
      "correctness": 2.0,
      "completeness": 2.3333333333333335,
      "faithfulness": 2.0,
      "relevance": 4.666666666666667,
      "average": 2.75
    }
  },
  "ensemble": {
    "correctness": 2.0833333333333335,
    "completeness": 2.5,
    "faithfulness": 2.083333333333333,
    "relevance": 4.083333333333333,
    "average": 2.6875
  }
}