{
  "res_id": "RES0205",
  "qid": "Q1",
  "question_type": "symptom_recall",
  "per_model": {
    "gpt": {
      "correctness": 4.0,
      "completeness": 3.0,
      "faithfulness": 4.0,
      "relevance": 5.0,
      "average": 4.0
    },
    "claude": {
      "correctness": 3.3333333333333335,
      "completeness": 3.0,
      "faithfulness": 4.333333333333333,
      "relevance": 4.333333333333333,
      "average": 3.75
    },
    "gemini": {
      "correctness": 5.0,
      "completeness": 3.0,
      "faithfulness": 5.0,
      "relevance": 5.0,
      "average": 4.5
    },
    "grok": {
      "correctness": 4.666666666666667,
      "completeness": 3.0,
      "faithfulness": 5.0,
      "relevance": 5.0,
      "average": 4.416666666666667
    }
  },
  "ensemble": {
    "correctness": 4.25,
    "completeness": 3.0,
    "faithfulness": 4.583333333333333,
    "relevance": 4.833333333333333,
    "average": 4.166666666666667
  }
}