{
  "res_id": "RES0214",
  "qid": "Q2",
  "question_type": "treatment_inventory",
  "per_model": {
    "gpt": {
      "correctness": 5.0,
      "completeness": 4.666666666666667,
      "faithfulness": 4.0,
      "relevance": 5.0,
      "average": 4.666666666666667
    },
    "claude": {
      "correctness": 5.0,
      "completeness": 3.3333333333333335,
      "faithfulness": 4.333333333333333,
      "relevance": 5.0,
      "average": 4.416666666666667
    },
    "gemini": {
      "correctness": 5.0,
      "completeness": 4.0,
      "faithfulness": 5.0,
      "relevance": 5.0,
      "average": 4.75
    },
    "grok": {
      "correctness": 5.0,
      "completeness": 3.6666666666666665,
      "faithfulness": 4.0,
      "relevance": 5.0,
      "average": 4.416666666666667
    }
  },
  "ensemble": {
    "correctness": 5.0,
    "completeness": 3.9166666666666665,
    "faithfulness": 4.333333333333333,
    "relevance": 5.0,
    "average": 4.5625
  }
}