{
  "res_id": "RES0210",
  "qid": "Q1",
  "question_type": "symptom_recall",
  "per_model": {
    "gpt": {
      "correctness": 4.0,
      "completeness": 2.0,
      "faithfulness": 5.0,
      "relevance": 5.0,
      "average": 4.0
    },
    "claude": {
      "correctness": 2.3333333333333335,
      "completeness": 2.0,
      "faithfulness": 3.6666666666666665,
      "relevance": 3.0,
      "average": 2.75
    },
    "gemini": {
      "correctness": 5.0,
      "completeness": 2.0,
      "faithfulness": 5.0,
      "relevance": 4.666666666666667,
      "average": 4.166666666666667
    },
    "grok": {
      "correctness": 5.0,
      "completeness": 2.0,
      "faithfulness": 5.0,
      "relevance": 4.666666666666667,
      "average": 4.166666666666667
    }
  },
  "ensemble": {
    "correctness": 4.083333333333334,
    "completeness": 2.0,
    "faithfulness": 4.666666666666666,
    "relevance": 4.333333333333334,
    "average": 3.770833333333334
  }
}