{
  "res_id": "RES0202",
  "qid": "Q3",
  "question_type": "diagnostic_reasoning",
  "per_model": {
    "gpt": {
      "correctness": 4.0,
      "completeness": 4.0,
      "faithfulness": 3.6666666666666665,
      "relevance": 4.666666666666667,
      "average": 4.083333333333333
    },
    "claude": {
      "correctness": 4.0,
      "completeness": 4.333333333333333,
      "faithfulness": 4.333333333333333,
      "relevance": 5.0,
      "average": 4.416666666666667
    },
    "gemini": {
      "correctness": 5.0,
      "completeness": 5.0,
      "faithfulness": 4.333333333333333,
      "relevance": 5.0,
      "average": 4.833333333333333
    },
    "grok": {
      "correctness": 4.0,
      "completeness": 4.0,
      "faithfulness": 3.0,
      "relevance": 5.0,
      "average": 4.0
    }
  },
  "ensemble": {
    "correctness": 4.25,
    "completeness": 4.333333333333333,
    "faithfulness": 3.833333333333333,
    "relevance": 4.916666666666667,
    "average": 4.333333333333333
  }
}