{
  "res_id": "RES0209",
  "qid": "Q1",
  "question_type": "symptom_recall",
  "per_model": {
    "gpt": {
      "correctness": 4.0,
      "completeness": 3.0,
      "faithfulness": 4.0,
      "relevance": 4.333333333333333,
      "average": 3.8333333333333335
    },
    "claude": {
      "correctness": 4.0,
      "completeness": 3.3333333333333335,
      "faithfulness": 4.666666666666667,
      "relevance": 4.666666666666667,
      "average": 4.166666666666667
    },
    "gemini": {
      "correctness": 4.666666666666667,
      "completeness": 3.6666666666666665,
      "faithfulness": 5.0,
      "relevance": 4.666666666666667,
      "average": 4.5
    },
    "grok": {
      "correctness": 3.6666666666666665,
      "completeness": 3.0,
      "faithfulness": 4.666666666666667,
      "relevance": 4.333333333333333,
      "average": 3.9166666666666665
    }
  },
  "ensemble": {
    "correctness": 4.083333333333334,
    "completeness": 3.25,
    "faithfulness": 4.583333333333334,
    "relevance": 4.5,
    "average": 4.104166666666667
  }
}