{
  "res_id": "RES0203",
  "qid": "Q1",
  "question_type": "symptom_recall",
  "per_model": {
    "gpt": {
      "correctness": 3.0,
      "completeness": 2.0,
      "faithfulness": 3.0,
      "relevance": 4.666666666666667,
      "average": 3.1666666666666665
    },
    "claude": {
      "correctness": 2.0,
      "completeness": 2.0,
      "faithfulness": 2.6666666666666665,
      "relevance": 3.3333333333333335,
      "average": 2.5
    },
    "gemini": {
      "correctness": 3.0,
      "completeness": 2.0,
      "faithfulness": 4.0,
      "relevance": 3.6666666666666665,
      "average": 3.1666666666666665
    },
    "grok": {
      "correctness": 2.0,
      "completeness": 2.0,
      "faithfulness": 2.6666666666666665,
      "relevance": 4.666666666666667,
      "average": 2.8333333333333335
    }
  },
  "ensemble": {
    "correctness": 2.5,
    "completeness": 2.0,
    "faithfulness": 3.083333333333333,
    "relevance": 4.083333333333333,
    "average": 2.9166666666666665
  }
}