{
  "res_id": "RES0207",
  "qid": "Q5",
  "question_type": "risk_factors",
  "per_model": {
    "gpt": {
      "correctness": 4.666666666666667,
      "completeness": 3.6666666666666665,
      "faithfulness": 3.6666666666666665,
      "relevance": 5.0,
      "average": 4.25
    },
    "claude": {
      "correctness": 5.0,
      "completeness": 3.3333333333333335,
      "faithfulness": 4.333333333333333,
      "relevance": 5.0,
      "average": 4.416666666666667
    },
    "gemini": {
      "correctness": 5.0,
      "completeness": 4.0,
      "faithfulness": 5.0,
      "relevance": 5.0,
      "average": 4.75
    },
    "grok": {
      "correctness": 4.333333333333333,
      "completeness": 3.3333333333333335,
      "faithfulness": 2.0,
      "relevance": 5.0,
      "average": 3.6666666666666665
    }
  },
  "ensemble": {
    "correctness": 4.75,
    "completeness": 3.5833333333333335,
    "faithfulness": 3.75,
    "relevance": 5.0,
    "average": 4.270833333333334
  }
}