{
  "res_id": "RES0212",
  "qid": "Q7",
  "question_type": "temporal_progression",
  "per_model": {
    "gpt": {
      "correctness": 2.0,
      "completeness": 2.0,
      "faithfulness": 2.0,
      "relevance": 3.6666666666666665,
      "average": 2.4166666666666665
    },
    "claude": {
      "correctness": 1.6666666666666667,
      "completeness": 2.0,
      "faithfulness": 1.6666666666666667,
      "relevance": 2.0,
      "average": 1.8333333333333333
    },
    "gemini": {
      "correctness": 1.6666666666666667,
      "completeness": 2.0,
      "faithfulness": 2.0,
      "relevance": 4.666666666666667,
      "average": 2.5833333333333335
    },
    "grok": {
      "correctness": 2.0,
      "completeness": 2.0,
      "faithfulness": 2.0,
      "relevance": 4.0,
      "average": 2.5
    }
  },
  "ensemble": {
    "correctness": 1.8333333333333335,
    "completeness": 2.0,
    "faithfulness": 1.9166666666666667,
    "relevance": 3.583333333333333,
    "average": 2.3333333333333335
  }
}