{
  "res_id": "RES0204",
  "qid": "Q4",
  "question_type": "ruled_out",
  "per_model": {
    "gpt": {
      "correctness": 3.6666666666666665,
      "completeness": 3.0,
      "faithfulness": 3.3333333333333335,
      "relevance": 4.0,
      "average": 3.5
    },
    "claude": {
      "correctness": 3.0,
      "completeness": 2.6666666666666665,
      "faithfulness": 2.3333333333333335,
      "relevance": 4.0,
      "average": 3.0
    },
    "gemini": {
      "correctness": 3.0,
      "completeness": 3.3333333333333335,
      "faithfulness": 2.6666666666666665,
      "relevance": 4.333333333333333,
      "average": 3.3333333333333335
    },
    "grok": {
      "correctness": 3.0,
      "completeness": 3.0,
      "faithfulness": 2.0,
      "relevance": 4.0,
      "average": 3.0
    }
  },
  "ensemble": {
    "correctness": 3.1666666666666665,
    "completeness": 3.0,
    "faithfulness": 2.5833333333333335,
    "relevance": 4.083333333333333,
    "average": 3.2083333333333335
  }
}