{
  "res_id": "RES0211",
  "qid": "Q2",
  "question_type": "treatment_inventory",
  "per_model": {
    "gpt": {
      "correctness": 4.333333333333333,
      "completeness": 2.0,
      "faithfulness": 4.666666666666667,
      "relevance": 4.666666666666667,
      "average": 3.9166666666666665
    },
    "claude": {
      "correctness": 2.3333333333333335,
      "completeness": 3.0,
      "faithfulness": 5.0,
      "relevance": 4.0,
      "average": 3.5833333333333335
    },
    "gemini": {
      "correctness": 4.666666666666667,
      "completeness": 2.3333333333333335,
      "faithfulness": 5.0,
      "relevance": 5.0,
      "average": 4.25
    },
    "grok": {
      "correctness": 2.0,
      "completeness": 2.6666666666666665,
      "faithfulness": 5.0,
      "relevance": 5.0,
      "average": 3.6666666666666665
    }
  },
  "ensemble": {
    "correctness": 3.333333333333333,
    "completeness": 2.5,
    "faithfulness": 4.916666666666667,
    "relevance": 4.666666666666667,
    "average": 3.8541666666666665
  }
}