{
  "res_id": "RES0208",
  "qid": "Q1",
  "question_type": "symptom_recall",
  "per_model": {
    "gpt": {
      "correctness": 3.6666666666666665,
      "completeness": 2.3333333333333335,
      "faithfulness": 4.0,
      "relevance": 4.0,
      "average": 3.5
    },
    "claude": {
      "correctness": 2.6666666666666665,
      "completeness": 2.3333333333333335,
      "faithfulness": 3.6666666666666665,
      "relevance": 3.6666666666666665,
      "average": 3.0833333333333335
    },
    "gemini": {
      "correctness": 3.6666666666666665,
      "completeness": 2.6666666666666665,
      "faithfulness": 4.0,
      "relevance": 4.666666666666667,
      "average": 3.75
    },
    "grok": {
      "correctness": 3.0,
      "completeness": 2.0,
      "faithfulness": 5.0,
      "relevance": 4.333333333333333,
      "average": 3.5833333333333335
    }
  },
  "ensemble": {
    "correctness": 3.25,
    "completeness": 2.3333333333333335,
    "faithfulness": 4.166666666666666,
    "relevance": 4.166666666666666,
    "average": 3.479166666666667
  }
}