{
  "res_id": "RES0210",
  "qid": "Q5",
  "question_type": "risk_factors",
  "per_model": {
    "gpt": {
      "correctness": 2.6666666666666665,
      "completeness": 2.0,
      "faithfulness": 2.6666666666666665,
      "relevance": 3.6666666666666665,
      "average": 2.75
    },
    "claude": {
      "correctness": 2.0,
      "completeness": 2.3333333333333335,
      "faithfulness": 2.0,
      "relevance": 3.0,
      "average": 2.3333333333333335
    },
    "gemini": {
      "correctness": 2.6666666666666665,
      "completeness": 2.6666666666666665,
      "faithfulness": 2.0,
      "relevance": 5.0,
      "average": 3.0833333333333335
    },
    "grok": {
      "correctness": 3.0,
      "completeness": 3.0,
      "faithfulness": 2.0,
      "relevance": 4.0,
      "average": 3.0
    }
  },
  "ensemble": {
    "correctness": 2.583333333333333,
    "completeness": 2.5,
    "faithfulness": 2.1666666666666665,
    "relevance": 3.9166666666666665,
    "average": 2.791666666666667
  }
}