{
  "res_id": "RES0213",
  "qid": "Q2",
  "question_type": "treatment_inventory",
  "per_model": {
    "gpt": {
      "correctness": 3.0,
      "completeness": 3.0,
      "faithfulness": 3.0,
      "relevance": 4.0,
      "average": 3.25
    },
    "claude": {
      "correctness": 2.0,
      "completeness": 3.0,
      "faithfulness": 2.3333333333333335,
      "relevance": 3.3333333333333335,
      "average": 2.6666666666666665
    },
    "gemini": {
      "correctness": 3.0,
      "completeness": 3.0,
      "faithfulness": 2.3333333333333335,
      "relevance": 5.0,
      "average": 3.3333333333333335
    },
    "grok": {
      "correctness": 2.0,
      "completeness": 2.6666666666666665,
      "faithfulness": 3.0,
      "relevance": 4.333333333333333,
      "average": 3.0
    }
  },
  "ensemble": {
    "correctness": 2.5,
    "completeness": 2.9166666666666665,
    "faithfulness": 2.666666666666667,
    "relevance": 4.166666666666667,
    "average": 3.0625
  }
}