{
  "res_id": "RES0217",
  "qid": "Q6",
  "question_type": "clinical_plan",
  "per_model": {
    "gpt": {
      "correctness": 4.0,
      "completeness": 4.333333333333333,
      "faithfulness": 4.0,
      "relevance": 5.0,
      "average": 4.333333333333333
    },
    "claude": {
      "correctness": 5.0,
      "completeness": 4.0,
      "faithfulness": 5.0,
      "relevance": 5.0,
      "average": 4.75
    },
    "gemini": {
      "correctness": 5.0,
      "completeness": 4.333333333333333,
      "faithfulness": 5.0,
      "relevance": 5.0,
      "average": 4.833333333333333
    },
    "grok": {
      "correctness": 4.333333333333333,
      "completeness": 4.333333333333333,
      "faithfulness": 4.0,
      "relevance": 5.0,
      "average": 4.416666666666667
    }
  },
  "ensemble": {
    "correctness": 4.583333333333333,
    "completeness": 4.249999999999999,
    "faithfulness": 4.5,
    "relevance": 5.0,
    "average": 4.583333333333333
  }
}