{
  "res_id": "RES0214",
  "qid": "Q1",
  "question_type": "symptom_recall",
  "per_model": {
    "gpt": {
      "correctness": 3.0,
      "completeness": 3.0,
      "faithfulness": 2.3333333333333335,
      "relevance": 4.0,
      "average": 3.0833333333333335
    },
    "claude": {
      "correctness": 2.0,
      "completeness": 3.0,
      "faithfulness": 2.3333333333333335,
      "relevance": 3.6666666666666665,
      "average": 2.75
    },
    "gemini": {
      "correctness": 2.6666666666666665,
      "completeness": 4.0,
      "faithfulness": 2.0,
      "relevance": 5.0,
      "average": 3.4166666666666665
    },
    "grok": {
      "correctness": 2.3333333333333335,
      "completeness": 3.3333333333333335,
      "faithfulness": 2.0,
      "relevance": 4.0,
      "average": 2.9166666666666665
    }
  },
  "ensemble": {
    "correctness": 2.5,
    "completeness": 3.3333333333333335,
    "faithfulness": 2.166666666666667,
    "relevance": 4.166666666666666,
    "average": 3.0416666666666665
  }
}