{
  "res_id": "RES0209",
  "qid": "Q2",
  "question_type": "treatment_inventory",
  "per_model": {
    "gpt": {
      "correctness": 4.0,
      "completeness": 3.6666666666666665,
      "faithfulness": 4.0,
      "relevance": 4.666666666666667,
      "average": 4.083333333333333
    },
    "claude": {
      "correctness": 3.3333333333333335,
      "completeness": 3.0,
      "faithfulness": 3.6666666666666665,
      "relevance": 4.333333333333333,
      "average": 3.5833333333333335
    },
    "gemini": {
      "correctness": 5.0,
      "completeness": 4.333333333333333,
      "faithfulness": 4.666666666666667,
      "relevance": 5.0,
      "average": 4.75
    },
    "grok": {
      "correctness": 4.0,
      "completeness": 4.0,
      "faithfulness": 3.6666666666666665,
      "relevance": 4.666666666666667,
      "average": 4.083333333333333
    }
  },
  "ensemble": {
    "correctness": 4.083333333333334,
    "completeness": 3.75,
    "faithfulness": 3.9999999999999996,
    "relevance": 4.666666666666667,
    "average": 4.125
  }
}