{
  "res_id": "RES0204",
  "qid": "Q7",
  "question_type": "temporal_progression",
  "per_model": {
    "gpt": {
      "correctness": 4.0,
      "completeness": 3.0,
      "faithfulness": 4.0,
      "relevance": 4.0,
      "average": 3.75
    },
    "claude": {
      "correctness": 2.3333333333333335,
      "completeness": 2.6666666666666665,
      "faithfulness": 3.3333333333333335,
      "relevance": 3.0,
      "average": 2.8333333333333335
    },
    "gemini": {
      "correctness": 4.0,
      "completeness": 3.0,
      "faithfulness": 4.333333333333333,
      "relevance": 4.666666666666667,
      "average": 4.0
    },
    "grok": {
      "correctness": 3.6666666666666665,
      "completeness": 3.3333333333333335,
      "faithfulness": 4.333333333333333,
      "relevance": 4.0,
      "average": 3.8333333333333335
    }
  },
  "ensemble": {
    "correctness": 3.5,
    "completeness": 3.0,
    "faithfulness": 4.0,
    "relevance": 3.916666666666667,
    "average": 3.604166666666667
  }
}