{
  "res_id": "RES0206",
  "qid": "Q2",
  "question_type": "treatment_inventory",
  "per_model": {
    "gpt": {
      "correctness": 1.6666666666666667,
      "completeness": 1.0,
      "faithfulness": 2.0,
      "relevance": 3.3333333333333335,
      "average": 2.0
    },
    "claude": {
      "correctness": 1.0,
      "completeness": 1.0,
      "faithfulness": 1.0,
      "relevance": 2.0,
      "average": 1.25
    },
    "gemini": {
      "correctness": 1.0,
      "completeness": 1.0,
      "faithfulness": 1.0,
      "relevance": 1.0,
      "average": 1.0
    },
    "grok": {
      "correctness": 1.3333333333333333,
      "completeness": 1.0,
      "faithfulness": 1.3333333333333333,
      "relevance": 2.6666666666666665,
      "average": 1.5833333333333333
    }
  },
  "ensemble": {
    "correctness": 1.25,
    "completeness": 1.0,
    "faithfulness": 1.3333333333333333,
    "relevance": 2.25,
    "average": 1.4583333333333333
  }
}