{
  "res_id": "RES0207",
  "qid": "Q4",
  "question_type": "ruled_out",
  "per_model": {
    "gpt": {
      "correctness": 3.0,
      "completeness": 2.0,
      "faithfulness": 3.0,
      "relevance": 3.6666666666666665,
      "average": 2.9166666666666665
    },
    "claude": {
      "correctness": 2.6666666666666665,
      "completeness": 2.6666666666666665,
      "faithfulness": 3.3333333333333335,
      "relevance": 3.6666666666666665,
      "average": 3.0833333333333335
    },
    "gemini": {
      "correctness": 3.0,
      "completeness": 2.3333333333333335,
      "faithfulness": 4.666666666666667,
      "relevance": 5.0,
      "average": 3.75
    },
    "grok": {
      "correctness": 2.0,
      "completeness": 2.0,
      "faithfulness": 3.0,
      "relevance": 4.0,
      "average": 2.75
    }
  },
  "ensemble": {
    "correctness": 2.6666666666666665,
    "completeness": 2.25,
    "faithfulness": 3.5,
    "relevance": 4.083333333333333,
    "average": 3.125
  }
}