{
  "res_id": "RES0214",
  "qid": "Q1",
  "question_type": "symptom_recall",
  "per_model": {
    "gpt": {
      "correctness": 2.0,
      "completeness": 2.3333333333333335,
      "faithfulness": 2.0,
      "relevance": 4.666666666666667,
      "average": 2.75
    },
    "claude": {
      "correctness": 2.0,
      "completeness": 2.0,
      "faithfulness": 2.0,
      "relevance": 3.3333333333333335,
      "average": 2.3333333333333335
    },
    "gemini": {
      "correctness": 2.0,
      "completeness": 2.0,
      "faithfulness": 1.6666666666666667,
      "relevance": 5.0,
      "average": 2.6666666666666665
    },
    "grok": {
      "correctness": 2.0,
      "completeness": 3.0,
      "faithfulness": 2.0,
      "relevance": 5.0,
      "average": 3.0
    }
  },
  "ensemble": {
    "correctness": 2.0,
    "completeness": 2.3333333333333335,
    "faithfulness": 1.9166666666666667,
    "relevance": 4.5,
    "average": 2.6875
  }
}