{
  "res_id": "RES0207",
  "qid": "Q1",
  "question_type": "symptom_recall",
  "per_model": {
    "gpt": {
      "correctness": 4.333333333333333,
      "completeness": 3.0,
      "faithfulness": 5.0,
      "relevance": 5.0,
      "average": 4.333333333333333
    },
    "claude": {
      "correctness": 3.3333333333333335,
      "completeness": 3.0,
      "faithfulness": 4.666666666666667,
      "relevance": 4.333333333333333,
      "average": 3.8333333333333335
    },
    "gemini": {
      "correctness": 5.0,
      "completeness": 3.0,
      "faithfulness": 5.0,
      "relevance": 5.0,
      "average": 4.5
    },
    "grok": {
      "correctness": 5.0,
      "completeness": 2.3333333333333335,
      "faithfulness": 5.0,
      "relevance": 5.0,
      "average": 4.333333333333333
    }
  },
  "ensemble": {
    "correctness": 4.416666666666666,
    "completeness": 2.8333333333333335,
    "faithfulness": 4.916666666666667,
    "relevance": 4.833333333333333,
    "average": 4.25
  }
}