{
  "res_id": "RES0202",
  "qid": "Q5",
  "question_type": "risk_factors",
  "per_model": {
    "gpt": {
      "correctness": 3.6666666666666665,
      "completeness": 3.0,
      "faithfulness": 3.6666666666666665,
      "relevance": 4.0,
      "average": 3.5833333333333335
    },
    "claude": {
      "correctness": 2.0,
      "completeness": 3.0,
      "faithfulness": 2.3333333333333335,
      "relevance": 3.3333333333333335,
      "average": 2.6666666666666665
    },
    "gemini": {
      "correctness": 4.333333333333333,
      "completeness": 3.3333333333333335,
      "faithfulness": 5.0,
      "relevance": 5.0,
      "average": 4.416666666666667
    },
    "grok": {
      "correctness": 3.6666666666666665,
      "completeness": 3.0,
      "faithfulness": 4.0,
      "relevance": 4.333333333333333,
      "average": 3.75
    }
  },
  "ensemble": {
    "correctness": 3.4166666666666665,
    "completeness": 3.0833333333333335,
    "faithfulness": 3.75,
    "relevance": 4.166666666666667,
    "average": 3.604166666666667
  }
}