{
  "res_id": "RES0202",
  "qid": "Q3",
  "question_type": "diagnostic_reasoning",
  "per_model": {
    "gpt": {
      "correctness": 3.0,
      "completeness": 3.0,
      "faithfulness": 2.3333333333333335,
      "relevance": 3.3333333333333335,
      "average": 2.9166666666666665
    },
    "claude": {
      "correctness": 2.3333333333333335,
      "completeness": 3.0,
      "faithfulness": 2.6666666666666665,
      "relevance": 3.6666666666666665,
      "average": 2.9166666666666665
    },
    "gemini": {
      "correctness": 2.3333333333333335,
      "completeness": 3.0,
      "faithfulness": 2.3333333333333335,
      "relevance": 4.666666666666667,
      "average": 3.0833333333333335
    },
    "grok": {
      "correctness": 2.0,
      "completeness": 3.0,
      "faithfulness": 2.0,
      "relevance": 4.0,
      "average": 2.75
    }
  },
  "ensemble": {
    "correctness": 2.416666666666667,
    "completeness": 3.0,
    "faithfulness": 2.3333333333333335,
    "relevance": 3.916666666666667,
    "average": 2.9166666666666665
  }
}