{
  "res_id": "RES0211",
  "qid": "Q7",
  "question_type": "temporal_progression",
  "per_model": {
    "gpt": {
      "correctness": 2.0,
      "completeness": 2.0,
      "faithfulness": 2.0,
      "relevance": 4.0,
      "average": 2.5
    },
    "claude": {
      "correctness": 2.0,
      "completeness": 2.6666666666666665,
      "faithfulness": 2.6666666666666665,
      "relevance": 3.3333333333333335,
      "average": 2.6666666666666665
    },
    "gemini": {
      "correctness": 2.6666666666666665,
      "completeness": 3.3333333333333335,
      "faithfulness": 2.0,
      "relevance": 5.0,
      "average": 3.25
    },
    "grok": {
      "correctness": 2.0,
      "completeness": 3.0,
      "faithfulness": 2.0,
      "relevance": 4.333333333333333,
      "average": 2.8333333333333335
    }
  },
  "ensemble": {
    "correctness": 2.1666666666666665,
    "completeness": 2.75,
    "faithfulness": 2.1666666666666665,
    "relevance": 4.166666666666667,
    "average": 2.8125
  }
}