{
  "res_id": "RES0204",
  "qid": "Q3",
  "question_type": "diagnostic_reasoning",
  "per_model": {
    "gpt": {
      "correctness": 3.0,
      "completeness": 3.0,
      "faithfulness": 2.3333333333333335,
      "relevance": 4.0,
      "average": 3.0833333333333335
    },
    "claude": {
      "correctness": 2.0,
      "completeness": 2.6666666666666665,
      "faithfulness": 1.6666666666666667,
      "relevance": 2.6666666666666665,
      "average": 2.25
    },
    "gemini": {
      "correctness": 4.0,
      "completeness": 3.3333333333333335,
      "faithfulness": 3.6666666666666665,
      "relevance": 5.0,
      "average": 4.0
    },
    "grok": {
      "correctness": 3.6666666666666665,
      "completeness": 3.0,
      "faithfulness": 2.3333333333333335,
      "relevance": 4.333333333333333,
      "average": 3.3333333333333335
    }
  },
  "ensemble": {
    "correctness": 3.1666666666666665,
    "completeness": 3.0,
    "faithfulness": 2.5,
    "relevance": 4.0,
    "average": 3.166666666666667
  }
}