{
  "res_id": "RES0203",
  "qid": "Q5",
  "question_type": "risk_factors",
  "per_model": {
    "gpt": {
      "correctness": 2.0,
      "completeness": 2.0,
      "faithfulness": 3.0,
      "relevance": 3.6666666666666665,
      "average": 2.6666666666666665
    },
    "claude": {
      "correctness": 1.0,
      "completeness": 1.6666666666666667,
      "faithfulness": 2.0,
      "relevance": 2.0,
      "average": 1.6666666666666667
    },
    "gemini": {
      "correctness": 2.0,
      "completeness": 2.0,
      "faithfulness": 2.0,
      "relevance": 5.0,
      "average": 2.75
    },
    "grok": {
      "correctness": 1.3333333333333333,
      "completeness": 1.3333333333333333,
      "faithfulness": 2.3333333333333335,
      "relevance": 4.0,
      "average": 2.25
    }
  },
  "ensemble": {
    "correctness": 1.5833333333333333,
    "completeness": 1.75,
    "faithfulness": 2.3333333333333335,
    "relevance": 3.6666666666666665,
    "average": 2.333333333333333
  }
}