{
  "res_id": "RES0209",
  "qid": "Q3",
  "question_type": "diagnostic_reasoning",
  "per_model": {
    "gpt": {
      "correctness": 4.0,
      "completeness": 2.6666666666666665,
      "faithfulness": 2.0,
      "relevance": 4.0,
      "average": 3.1666666666666665
    },
    "claude": {
      "correctness": 3.3333333333333335,
      "completeness": 3.0,
      "faithfulness": 2.0,
      "relevance": 4.333333333333333,
      "average": 3.1666666666666665
    },
    "gemini": {
      "correctness": 4.333333333333333,
      "completeness": 3.0,
      "faithfulness": 4.0,
      "relevance": 4.666666666666667,
      "average": 4.0
    },
    "grok": {
      "correctness": 3.6666666666666665,
      "completeness": 3.0,
      "faithfulness": 2.0,
      "relevance": 4.333333333333333,
      "average": 3.25
    }
  },
  "ensemble": {
    "correctness": 3.8333333333333335,
    "completeness": 2.9166666666666665,
    "faithfulness": 2.5,
    "relevance": 4.333333333333333,
    "average": 3.395833333333333
  }
}