{
  "res_id": "RES0212",
  "qid": "Q1",
  "question_type": "symptom_recall",
  "per_model": {
    "gpt": {
      "correctness": 4.666666666666667,
      "completeness": 2.0,
      "faithfulness": 4.333333333333333,
      "relevance": 3.6666666666666665,
      "average": 3.6666666666666665
    },
    "claude": {
      "correctness": 2.0,
      "completeness": 2.0,
      "faithfulness": 3.0,
      "relevance": 2.6666666666666665,
      "average": 2.4166666666666665
    },
    "gemini": {
      "correctness": 5.0,
      "completeness": 2.3333333333333335,
      "faithfulness": 5.0,
      "relevance": 4.666666666666667,
      "average": 4.25
    },
    "grok": {
      "correctness": 3.3333333333333335,
      "completeness": 2.0,
      "faithfulness": 5.0,
      "relevance": 5.0,
      "average": 3.8333333333333335
    }
  },
  "ensemble": {
    "correctness": 3.7500000000000004,
    "completeness": 2.0833333333333335,
    "faithfulness": 4.333333333333333,
    "relevance": 4.0,
    "average": 3.5416666666666665
  }
}