{
  "res_id": "RES0207",
  "qid": "Q2",
  "question_type": "treatment_inventory",
  "per_model": {
    "gpt": {
      "correctness": 1.3333333333333333,
      "completeness": 2.0,
      "faithfulness": 2.0,
      "relevance": 3.3333333333333335,
      "average": 2.1666666666666665
    },
    "claude": {
      "correctness": 2.0,
      "completeness": 1.6666666666666667,
      "faithfulness": 2.0,
      "relevance": 3.0,
      "average": 2.1666666666666665
    },
    "gemini": {
      "correctness": 1.3333333333333333,
      "completeness": 1.0,
      "faithfulness": 1.6666666666666667,
      "relevance": 2.0,
      "average": 1.5
    },
    "grok": {
      "correctness": 1.0,
      "completeness": 1.0,
      "faithfulness": 1.6666666666666667,
      "relevance": 4.0,
      "average": 1.9166666666666667
    }
  },
  "ensemble": {
    "correctness": 1.4166666666666665,
    "completeness": 1.4166666666666667,
    "faithfulness": 1.8333333333333335,
    "relevance": 3.0833333333333335,
    "average": 1.9375
  }
}