{
  "res_id": "RES0214",
  "qid": "Q2",
  "question_type": "treatment_inventory",
  "per_model": {
    "gpt": {
      "correctness": 2.6666666666666665,
      "completeness": 2.6666666666666665,
      "faithfulness": 2.6666666666666665,
      "relevance": 4.333333333333333,
      "average": 3.0833333333333335
    },
    "claude": {
      "correctness": 2.0,
      "completeness": 2.3333333333333335,
      "faithfulness": 2.3333333333333335,
      "relevance": 3.6666666666666665,
      "average": 2.5833333333333335
    },
    "gemini": {
      "correctness": 2.3333333333333335,
      "completeness": 2.6666666666666665,
      "faithfulness": 2.0,
      "relevance": 5.0,
      "average": 3.0
    },
    "grok": {
      "correctness": 2.0,
      "completeness": 2.6666666666666665,
      "faithfulness": 2.0,
      "relevance": 4.333333333333333,
      "average": 2.75
    }
  },
  "ensemble": {
    "correctness": 2.25,
    "completeness": 2.583333333333333,
    "faithfulness": 2.25,
    "relevance": 4.333333333333333,
    "average": 2.854166666666667
  }
}