{
  "res_id": "RES0206",
  "qid": "Q7",
  "question_type": "temporal_progression",
  "per_model": {
    "gpt": {
      "correctness": 4.0,
      "completeness": 3.0,
      "faithfulness": 4.0,
      "relevance": 4.0,
      "average": 3.75
    },
    "claude": {
      "correctness": 2.3333333333333335,
      "completeness": 3.0,
      "faithfulness": 3.6666666666666665,
      "relevance": 2.6666666666666665,
      "average": 2.9166666666666665
    },
    "gemini": {
      "correctness": 5.0,
      "completeness": 3.0,
      "faithfulness": 5.0,
      "relevance": 4.333333333333333,
      "average": 4.333333333333333
    },
    "grok": {
      "correctness": 4.0,
      "completeness": 3.0,
      "faithfulness": 5.0,
      "relevance": 4.0,
      "average": 4.0
    }
  },
  "ensemble": {
    "correctness": 3.8333333333333335,
    "completeness": 3.0,
    "faithfulness": 4.416666666666666,
    "relevance": 3.75,
    "average": 3.75
  }
}