{
  "res_id": "RES0206",
  "qid": "Q3",
  "question_type": "diagnostic_reasoning",
  "per_model": {
    "gpt": {
      "correctness": 4.0,
      "completeness": 2.6666666666666665,
      "faithfulness": 3.3333333333333335,
      "relevance": 4.333333333333333,
      "average": 3.5833333333333335
    },
    "claude": {
      "correctness": 3.3333333333333335,
      "completeness": 3.0,
      "faithfulness": 4.0,
      "relevance": 4.333333333333333,
      "average": 3.6666666666666665
    },
    "gemini": {
      "correctness": 4.333333333333333,
      "completeness": 2.6666666666666665,
      "faithfulness": 5.0,
      "relevance": 3.6666666666666665,
      "average": 3.9166666666666665
    },
    "grok": {
      "correctness": 4.0,
      "completeness": 3.0,
      "faithfulness": 3.3333333333333335,
      "relevance": 4.333333333333333,
      "average": 3.6666666666666665
    }
  },
  "ensemble": {
    "correctness": 3.916666666666667,
    "completeness": 2.833333333333333,
    "faithfulness": 3.916666666666667,
    "relevance": 4.166666666666666,
    "average": 3.708333333333333
  }
}