{
  "res_id": "RES0214",
  "qid": "Q6",
  "question_type": "clinical_plan",
  "per_model": {
    "gpt": {
      "correctness": 3.6666666666666665,
      "completeness": 3.0,
      "faithfulness": 3.3333333333333335,
      "relevance": 3.3333333333333335,
      "average": 3.3333333333333335
    },
    "claude": {
      "correctness": 2.6666666666666665,
      "completeness": 3.0,
      "faithfulness": 4.0,
      "relevance": 3.6666666666666665,
      "average": 3.3333333333333335
    },
    "gemini": {
      "correctness": 4.666666666666667,
      "completeness": 3.0,
      "faithfulness": 5.0,
      "relevance": 5.0,
      "average": 4.416666666666667
    },
    "grok": {
      "correctness": 3.0,
      "completeness": 3.0,
      "faithfulness": 3.3333333333333335,
      "relevance": 4.666666666666667,
      "average": 3.5
    }
  },
  "ensemble": {
    "correctness": 3.5,
    "completeness": 3.0,
    "faithfulness": 3.916666666666667,
    "relevance": 4.166666666666667,
    "average": 3.6458333333333335
  }
}