{
  "res_id": "RES0206",
  "qid": "Q1",
  "question_type": "symptom_recall",
  "per_model": {
    "gpt": {
      "correctness": 3.0,
      "completeness": 3.0,
      "faithfulness": 3.0,
      "relevance": 5.0,
      "average": 3.5
    },
    "claude": {
      "correctness": 2.0,
      "completeness": 2.6666666666666665,
      "faithfulness": 2.6666666666666665,
      "relevance": 4.0,
      "average": 2.8333333333333335
    },
    "gemini": {
      "correctness": 2.6666666666666665,
      "completeness": 3.0,
      "faithfulness": 2.6666666666666665,
      "relevance": 5.0,
      "average": 3.3333333333333335
    },
    "grok": {
      "correctness": 2.6666666666666665,
      "completeness": 3.0,
      "faithfulness": 4.0,
      "relevance": 5.0,
      "average": 3.6666666666666665
    }
  },
  "ensemble": {
    "correctness": 2.583333333333333,
    "completeness": 2.9166666666666665,
    "faithfulness": 3.083333333333333,
    "relevance": 4.75,
    "average": 3.3333333333333335
  }
}