{
  "res_id": "RES0205",
  "qid": "Q2",
  "question_type": "treatment_inventory",
  "per_model": {
    "gpt": {
      "correctness": 4.0,
      "completeness": 3.0,
      "faithfulness": 4.0,
      "relevance": 4.0,
      "average": 3.75
    },
    "claude": {
      "correctness": 2.6666666666666665,
      "completeness": 2.6666666666666665,
      "faithfulness": 4.0,
      "relevance": 3.3333333333333335,
      "average": 3.1666666666666665
    },
    "gemini": {
      "correctness": 4.666666666666667,
      "completeness": 3.0,
      "faithfulness": 5.0,
      "relevance": 4.333333333333333,
      "average": 4.25
    },
    "grok": {
      "correctness": 4.333333333333333,
      "completeness": 3.0,
      "faithfulness": 5.0,
      "relevance": 4.0,
      "average": 4.083333333333333
    }
  },
  "ensemble": {
    "correctness": 3.916666666666666,
    "completeness": 2.9166666666666665,
    "faithfulness": 4.5,
    "relevance": 3.916666666666667,
    "average": 3.8125
  }
}