{
  "res_id": "RES0203",
  "qid": "Q4",
  "question_type": "ruled_out",
  "per_model": {
    "gpt": {
      "correctness": 2.0,
      "completeness": 1.6666666666666667,
      "faithfulness": 2.0,
      "relevance": 3.0,
      "average": 2.1666666666666665
    },
    "claude": {
      "correctness": 1.6666666666666667,
      "completeness": 1.6666666666666667,
      "faithfulness": 2.0,
      "relevance": 2.0,
      "average": 1.8333333333333333
    },
    "gemini": {
      "correctness": 2.0,
      "completeness": 1.6666666666666667,
      "faithfulness": 1.6666666666666667,
      "relevance": 3.6666666666666665,
      "average": 2.25
    },
    "grok": {
      "correctness": 2.0,
      "completeness": 1.3333333333333333,
      "faithfulness": 2.0,
      "relevance": 3.0,
      "average": 2.0833333333333335
    }
  },
  "ensemble": {
    "correctness": 1.9166666666666667,
    "completeness": 1.5833333333333333,
    "faithfulness": 1.9166666666666667,
    "relevance": 2.9166666666666665,
    "average": 2.0833333333333335
  }
}