{
  "res_id": "RES0213",
  "qid": "Q5",
  "question_type": "risk_factors",
  "per_model": {
    "gpt": {
      "correctness": 3.3333333333333335,
      "completeness": 3.0,
      "faithfulness": 3.0,
      "relevance": 4.0,
      "average": 3.3333333333333335
    },
    "claude": {
      "correctness": 3.6666666666666665,
      "completeness": 3.6666666666666665,
      "faithfulness": 3.0,
      "relevance": 4.333333333333333,
      "average": 3.6666666666666665
    },
    "gemini": {
      "correctness": 4.666666666666667,
      "completeness": 3.0,
      "faithfulness": 4.0,
      "relevance": 5.0,
      "average": 4.166666666666667
    },
    "grok": {
      "correctness": 4.0,
      "completeness": 3.0,
      "faithfulness": 2.0,
      "relevance": 4.333333333333333,
      "average": 3.3333333333333335
    }
  },
  "ensemble": {
    "correctness": 3.916666666666667,
    "completeness": 3.1666666666666665,
    "faithfulness": 3.0,
    "relevance": 4.416666666666666,
    "average": 3.6250000000000004
  }
}