{
  "res_id": "RES0201",
  "qid": "Q2",
  "question_type": "treatment_inventory",
  "per_model": {
    "gpt": {
      "correctness": 4.0,
      "completeness": 3.0,
      "faithfulness": 4.0,
      "relevance": 4.0,
      "average": 3.75
    },
    "claude": {
      "correctness": 4.333333333333333,
      "completeness": 3.0,
      "faithfulness": 4.666666666666667,
      "relevance": 4.666666666666667,
      "average": 4.166666666666667
    },
    "gemini": {
      "correctness": 4.666666666666667,
      "completeness": 3.0,
      "faithfulness": 4.333333333333333,
      "relevance": 4.666666666666667,
      "average": 4.166666666666667
    },
    "grok": {
      "correctness": 4.0,
      "completeness": 3.0,
      "faithfulness": 4.0,
      "relevance": 4.0,
      "average": 3.75
    }
  },
  "ensemble": {
    "correctness": 4.25,
    "completeness": 3.0,
    "faithfulness": 4.25,
    "relevance": 4.333333333333334,
    "average": 3.9583333333333335
  }
}