{
  "res_id": "RES0215",
  "qid": "Q2",
  "question_type": "treatment_inventory",
  "per_model": {
    "gpt": {
      "correctness": 4.0,
      "completeness": 3.0,
      "faithfulness": 4.0,
      "relevance": 4.666666666666667,
      "average": 3.9166666666666665
    },
    "claude": {
      "correctness": 5.0,
      "completeness": 3.3333333333333335,
      "faithfulness": 5.0,
      "relevance": 5.0,
      "average": 4.583333333333333
    },
    "gemini": {
      "correctness": 4.666666666666667,
      "completeness": 3.0,
      "faithfulness": 4.333333333333333,
      "relevance": 4.333333333333333,
      "average": 4.083333333333333
    },
    "grok": {
      "correctness": 4.0,
      "completeness": 3.0,
      "faithfulness": 2.6666666666666665,
      "relevance": 4.666666666666667,
      "average": 3.5833333333333335
    }
  },
  "ensemble": {
    "correctness": 4.416666666666667,
    "completeness": 3.0833333333333335,
    "faithfulness": 3.9999999999999996,
    "relevance": 4.666666666666667,
    "average": 4.041666666666666
  }
}