{
  "res_id": "RES0215",
  "qid": "Q7",
  "question_type": "temporal_progression",
  "per_model": {
    "gpt": {
      "correctness": 4.333333333333333,
      "completeness": 3.6666666666666665,
      "faithfulness": 3.6666666666666665,
      "relevance": 4.333333333333333,
      "average": 4.0
    },
    "claude": {
      "correctness": 5.0,
      "completeness": 4.0,
      "faithfulness": 5.0,
      "relevance": 5.0,
      "average": 4.75
    },
    "gemini": {
      "correctness": 4.333333333333333,
      "completeness": 3.6666666666666665,
      "faithfulness": 3.0,
      "relevance": 5.0,
      "average": 4.0
    },
    "grok": {
      "correctness": 4.0,
      "completeness": 4.0,
      "faithfulness": 2.0,
      "relevance": 4.666666666666667,
      "average": 3.6666666666666665
    }
  },
  "ensemble": {
    "correctness": 4.416666666666666,
    "completeness": 3.833333333333333,
    "faithfulness": 3.4166666666666665,
    "relevance": 4.75,
    "average": 4.104166666666667
  }
}