{
  "res_id": "RES0209",
  "qid": "Q1",
  "question_type": "symptom_recall",
  "per_model": {
    "gpt": {
      "correctness": 3.0,
      "completeness": 2.6666666666666665,
      "faithfulness": 2.6666666666666665,
      "relevance": 4.666666666666667,
      "average": 3.25
    },
    "claude": {
      "correctness": 2.6666666666666665,
      "completeness": 3.0,
      "faithfulness": 3.3333333333333335,
      "relevance": 4.666666666666667,
      "average": 3.4166666666666665
    },
    "gemini": {
      "correctness": 2.3333333333333335,
      "completeness": 2.6666666666666665,
      "faithfulness": 2.3333333333333335,
      "relevance": 5.0,
      "average": 3.0833333333333335
    },
    "grok": {
      "correctness": 2.6666666666666665,
      "completeness": 3.0,
      "faithfulness": 3.3333333333333335,
      "relevance": 4.333333333333333,
      "average": 3.3333333333333335
    }
  },
  "ensemble": {
    "correctness": 2.6666666666666665,
    "completeness": 2.833333333333333,
    "faithfulness": 2.916666666666667,
    "relevance": 4.666666666666667,
    "average": 3.2708333333333335
  }
}