{
  "res_id": "RES0200",
  "qid": "Q3",
  "question_type": "diagnostic_reasoning",
  "per_model": {
    "gpt": {
      "correctness": 3.6666666666666665,
      "completeness": 4.0,
      "faithfulness": 3.0,
      "relevance": 5.0,
      "average": 3.9166666666666665
    },
    "claude": {
      "correctness": 4.666666666666667,
      "completeness": 4.333333333333333,
      "faithfulness": 4.666666666666667,
      "relevance": 5.0,
      "average": 4.666666666666667
    },
    "gemini": {
      "correctness": 4.0,
      "completeness": 4.0,
      "faithfulness": 3.6666666666666665,
      "relevance": 5.0,
      "average": 4.166666666666667
    },
    "grok": {
      "correctness": 4.0,
      "completeness": 4.0,
      "faithfulness": 2.3333333333333335,
      "relevance": 4.333333333333333,
      "average": 3.6666666666666665
    }
  },
  "ensemble": {
    "correctness": 4.083333333333334,
    "completeness": 4.083333333333333,
    "faithfulness": 3.416666666666667,
    "relevance": 4.833333333333333,
    "average": 4.104166666666667
  }
}