{
  "res_id": "RES0209",
  "qid": "Q5",
  "question_type": "risk_factors",
  "per_model": {
    "gpt": {
      "correctness": 3.0,
      "completeness": 3.0,
      "faithfulness": 2.3333333333333335,
      "relevance": 4.0,
      "average": 3.0833333333333335
    },
    "claude": {
      "correctness": 2.3333333333333335,
      "completeness": 3.0,
      "faithfulness": 2.0,
      "relevance": 4.0,
      "average": 2.8333333333333335
    },
    "gemini": {
      "correctness": 4.0,
      "completeness": 3.0,
      "faithfulness": 2.0,
      "relevance": 5.0,
      "average": 3.5
    },
    "grok": {
      "correctness": 3.3333333333333335,
      "completeness": 3.6666666666666665,
      "faithfulness": 2.0,
      "relevance": 4.0,
      "average": 3.25
    }
  },
  "ensemble": {
    "correctness": 3.166666666666667,
    "completeness": 3.1666666666666665,
    "faithfulness": 2.0833333333333335,
    "relevance": 4.25,
    "average": 3.166666666666667
  }
}