{
  "res_id": "RES0204",
  "qid": "Q5",
  "question_type": "risk_factors",
  "per_model": {
    "gpt": {
      "correctness": 4.0,
      "completeness": 3.3333333333333335,
      "faithfulness": 4.0,
      "relevance": 4.666666666666667,
      "average": 4.0
    },
    "claude": {
      "correctness": 3.6666666666666665,
      "completeness": 3.0,
      "faithfulness": 3.6666666666666665,
      "relevance": 4.666666666666667,
      "average": 3.75
    },
    "gemini": {
      "correctness": 4.333333333333333,
      "completeness": 3.3333333333333335,
      "faithfulness": 4.666666666666667,
      "relevance": 5.0,
      "average": 4.333333333333333
    },
    "grok": {
      "correctness": 4.0,
      "completeness": 3.3333333333333335,
      "faithfulness": 4.333333333333333,
      "relevance": 4.333333333333333,
      "average": 4.0
    }
  },
  "ensemble": {
    "correctness": 4.0,
    "completeness": 3.2500000000000004,
    "faithfulness": 4.166666666666666,
    "relevance": 4.666666666666667,
    "average": 4.020833333333333
  }
}