{
  "res_id": "RES0206",
  "qid": "Q4",
  "question_type": "ruled_out",
  "per_model": {
    "gpt": {
      "correctness": 2.6666666666666665,
      "completeness": 3.0,
      "faithfulness": 2.6666666666666665,
      "relevance": 4.333333333333333,
      "average": 3.1666666666666665
    },
    "claude": {
      "correctness": 2.0,
      "completeness": 2.3333333333333335,
      "faithfulness": 2.0,
      "relevance": 3.0,
      "average": 2.3333333333333335
    },
    "gemini": {
      "correctness": 3.0,
      "completeness": 2.6666666666666665,
      "faithfulness": 1.6666666666666667,
      "relevance": 5.0,
      "average": 3.0833333333333335
    },
    "grok": {
      "correctness": 2.0,
      "completeness": 2.0,
      "faithfulness": 2.0,
      "relevance": 5.0,
      "average": 2.75
    }
  },
  "ensemble": {
    "correctness": 2.4166666666666665,
    "completeness": 2.5,
    "faithfulness": 2.083333333333333,
    "relevance": 4.333333333333333,
    "average": 2.8333333333333335
  }
}