{
  "res_id": "RES0198",
  "qid": "Q1",
  "question_type": "symptom_recall",
  "per_model": {
    "gpt": {
      "correctness": 2.3333333333333335,
      "completeness": 2.6666666666666665,
      "faithfulness": 3.0,
      "relevance": 4.0,
      "average": 3.0
    },
    "claude": {
      "correctness": 2.0,
      "completeness": 2.6666666666666665,
      "faithfulness": 3.0,
      "relevance": 3.6666666666666665,
      "average": 2.8333333333333335
    },
    "gemini": {
      "correctness": 2.3333333333333335,
      "completeness": 3.0,
      "faithfulness": 1.6666666666666667,
      "relevance": 5.0,
      "average": 3.0
    },
    "grok": {
      "correctness": 2.0,
      "completeness": 2.3333333333333335,
      "faithfulness": 2.0,
      "relevance": 4.333333333333333,
      "average": 2.6666666666666665
    }
  },
  "ensemble": {
    "correctness": 2.166666666666667,
    "completeness": 2.6666666666666665,
    "faithfulness": 2.416666666666667,
    "relevance": 4.25,
    "average": 2.875
  }
}