{
  "res_id": "RES0198",
  "qid": "Q7",
  "question_type": "temporal_progression",
  "per_model": {
    "gpt": {
      "correctness": 1.3333333333333333,
      "completeness": 1.3333333333333333,
      "faithfulness": 2.0,
      "relevance": 5.0,
      "average": 2.4166666666666665
    },
    "claude": {
      "correctness": 2.0,
      "completeness": 2.0,
      "faithfulness": 2.0,
      "relevance": 3.6666666666666665,
      "average": 2.4166666666666665
    },
    "gemini": {
      "correctness": 1.0,
      "completeness": 2.0,
      "faithfulness": 1.0,
      "relevance": 5.0,
      "average": 2.25
    },
    "grok": {
      "correctness": 2.0,
      "completeness": 1.0,
      "faithfulness": 2.0,
      "relevance": 5.0,
      "average": 2.5
    }
  },
  "ensemble": {
    "correctness": 1.5833333333333333,
    "completeness": 1.5833333333333333,
    "faithfulness": 1.75,
    "relevance": 4.666666666666666,
    "average": 2.395833333333333
  }
}