{
  "res_id": "RES0208",
  "qid": "Q2",
  "question_type": "treatment_inventory",
  "per_model": {
    "gpt": {
      "correctness": 3.3333333333333335,
      "completeness": 3.0,
      "faithfulness": 4.333333333333333,
      "relevance": 4.666666666666667,
      "average": 3.8333333333333335
    },
    "claude": {
      "correctness": 2.0,
      "completeness": 2.3333333333333335,
      "faithfulness": 4.333333333333333,
      "relevance": 3.0,
      "average": 2.9166666666666665
    },
    "gemini": {
      "correctness": 4.0,
      "completeness": 3.0,
      "faithfulness": 5.0,
      "relevance": 5.0,
      "average": 4.25
    },
    "grok": {
      "correctness": 2.0,
      "completeness": 3.0,
      "faithfulness": 5.0,
      "relevance": 4.333333333333333,
      "average": 3.5833333333333335
    }
  },
  "ensemble": {
    "correctness": 2.8333333333333335,
    "completeness": 2.8333333333333335,
    "faithfulness": 4.666666666666666,
    "relevance": 4.25,
    "average": 3.6458333333333335
  }
}