{
  "res_id": "RES0217",
  "qid": "Q5",
  "question_type": "risk_factors",
  "per_model": {
    "gpt": {
      "correctness": 4.0,
      "completeness": 4.0,
      "faithfulness": 3.3333333333333335,
      "relevance": 5.0,
      "average": 4.083333333333333
    },
    "claude": {
      "correctness": 5.0,
      "completeness": 4.0,
      "faithfulness": 4.333333333333333,
      "relevance": 5.0,
      "average": 4.583333333333333
    },
    "gemini": {
      "correctness": 5.0,
      "completeness": 4.333333333333333,
      "faithfulness": 4.0,
      "relevance": 5.0,
      "average": 4.583333333333333
    },
    "grok": {
      "correctness": 4.0,
      "completeness": 4.0,
      "faithfulness": 3.3333333333333335,
      "relevance": 5.0,
      "average": 4.083333333333333
    }
  },
  "ensemble": {
    "correctness": 4.5,
    "completeness": 4.083333333333333,
    "faithfulness": 3.75,
    "relevance": 5.0,
    "average": 4.333333333333333
  }
}