{
  "res_id": "RES0204",
  "qid": "Q6",
  "question_type": "clinical_plan",
  "per_model": {
    "gpt": {
      "correctness": 4.0,
      "completeness": 3.0,
      "faithfulness": 4.666666666666667,
      "relevance": 5.0,
      "average": 4.166666666666667
    },
    "claude": {
      "correctness": 3.3333333333333335,
      "completeness": 3.0,
      "faithfulness": 4.0,
      "relevance": 4.0,
      "average": 3.5833333333333335
    },
    "gemini": {
      "correctness": 5.0,
      "completeness": 3.6666666666666665,
      "faithfulness": 5.0,
      "relevance": 5.0,
      "average": 4.666666666666667
    },
    "grok": {
      "correctness": 4.0,
      "completeness": 3.3333333333333335,
      "faithfulness": 5.0,
      "relevance": 5.0,
      "average": 4.333333333333333
    }
  },
  "ensemble": {
    "correctness": 4.083333333333334,
    "completeness": 3.25,
    "faithfulness": 4.666666666666667,
    "relevance": 4.75,
    "average": 4.1875
  }
}