{
  "res_id": "RES0215",
  "qid": "Q5",
  "question_type": "risk_factors",
  "per_model": {
    "gpt": {
      "correctness": 4.0,
      "completeness": 1.6666666666666667,
      "faithfulness": 4.0,
      "relevance": 2.6666666666666665,
      "average": 3.0833333333333335
    },
    "claude": {
      "correctness": 1.6666666666666667,
      "completeness": 1.0,
      "faithfulness": 3.3333333333333335,
      "relevance": 2.0,
      "average": 2.0
    },
    "gemini": {
      "correctness": 4.0,
      "completeness": 1.0,
      "faithfulness": 4.666666666666667,
      "relevance": 1.6666666666666667,
      "average": 2.8333333333333335
    },
    "grok": {
      "correctness": 3.3333333333333335,
      "completeness": 2.0,
      "faithfulness": 4.0,
      "relevance": 3.0,
      "average": 3.0833333333333335
    }
  },
  "ensemble": {
    "correctness": 3.2500000000000004,
    "completeness": 1.4166666666666667,
    "faithfulness": 4.0,
    "relevance": 2.333333333333333,
    "average": 2.7500000000000004
  }
}