{
  "res_id": "RES0216",
  "qid": "Q6",
  "question_type": "clinical_plan",
  "per_model": {
    "gpt": {
      "correctness": 4.333333333333333,
      "completeness": 1.6666666666666667,
      "faithfulness": 5.0,
      "relevance": 3.0,
      "average": 3.5
    },
    "claude": {
      "correctness": 2.3333333333333335,
      "completeness": 1.0,
      "faithfulness": 4.0,
      "relevance": 2.0,
      "average": 2.3333333333333335
    },
    "gemini": {
      "correctness": 4.333333333333333,
      "completeness": 1.3333333333333333,
      "faithfulness": 5.0,
      "relevance": 1.6666666666666667,
      "average": 3.0833333333333335
    },
    "grok": {
      "correctness": 5.0,
      "completeness": 1.6666666666666667,
      "faithfulness": 5.0,
      "relevance": 3.6666666666666665,
      "average": 3.8333333333333335
    }
  },
  "ensemble": {
    "correctness": 4.0,
    "completeness": 1.4166666666666667,
    "faithfulness": 4.75,
    "relevance": 2.5833333333333335,
    "average": 3.1875000000000004
  }
}