{
  "res_id": "RES0200",
  "qid": "Q6",
  "question_type": "clinical_plan",
  "per_model": {
    "gpt": {
      "correctness": 4.666666666666667,
      "completeness": 2.3333333333333335,
      "faithfulness": 5.0,
      "relevance": 4.333333333333333,
      "average": 4.083333333333333
    },
    "claude": {
      "correctness": 3.3333333333333335,
      "completeness": 2.6666666666666665,
      "faithfulness": 4.666666666666667,
      "relevance": 4.666666666666667,
      "average": 3.8333333333333335
    },
    "gemini": {
      "correctness": 5.0,
      "completeness": 2.0,
      "faithfulness": 5.0,
      "relevance": 3.3333333333333335,
      "average": 3.8333333333333335
    },
    "grok": {
      "correctness": 5.0,
      "completeness": 3.0,
      "faithfulness": 5.0,
      "relevance": 5.0,
      "average": 4.5
    }
  },
  "ensemble": {
    "correctness": 4.5,
    "completeness": 2.5,
    "faithfulness": 4.916666666666667,
    "relevance": 4.333333333333334,
    "average": 4.0625
  }
}