{
  "res_id": "RES0204",
  "qid": "Q5",
  "question_type": "risk_factors",
  "per_model": {
    "gpt": {
      "correctness": 4.333333333333333,
      "completeness": 3.0,
      "faithfulness": 4.333333333333333,
      "relevance": 5.0,
      "average": 4.166666666666667
    },
    "claude": {
      "correctness": 3.6666666666666665,
      "completeness": 2.0,
      "faithfulness": 4.0,
      "relevance": 4.333333333333333,
      "average": 3.5
    },
    "gemini": {
      "correctness": 4.0,
      "completeness": 3.0,
      "faithfulness": 4.666666666666667,
      "relevance": 5.0,
      "average": 4.166666666666667
    },
    "grok": {
      "correctness": 4.0,
      "completeness": 3.0,
      "faithfulness": 5.0,
      "relevance": 4.666666666666667,
      "average": 4.166666666666667
    }
  },
  "ensemble": {
    "correctness": 4.0,
    "completeness": 2.75,
    "faithfulness": 4.5,
    "relevance": 4.75,
    "average": 4.0
  }
}