{
  "res_id": "RES0215",
  "qid": "Q6",
  "question_type": "clinical_plan",
  "per_model": {
    "gpt": {
      "correctness": 5.0,
      "completeness": 2.0,
      "faithfulness": 5.0,
      "relevance": 5.0,
      "average": 4.25
    },
    "claude": {
      "correctness": 3.0,
      "completeness": 2.3333333333333335,
      "faithfulness": 5.0,
      "relevance": 4.333333333333333,
      "average": 3.6666666666666665
    },
    "gemini": {
      "correctness": 5.0,
      "completeness": 2.6666666666666665,
      "faithfulness": 5.0,
      "relevance": 5.0,
      "average": 4.416666666666667
    },
    "grok": {
      "correctness": 4.666666666666667,
      "completeness": 2.6666666666666665,
      "faithfulness": 5.0,
      "relevance": 5.0,
      "average": 4.333333333333333
    }
  },
  "ensemble": {
    "correctness": 4.416666666666667,
    "completeness": 2.4166666666666665,
    "faithfulness": 5.0,
    "relevance": 4.833333333333333,
    "average": 4.166666666666666
  }
}