{
  "res_id": "RES0203",
  "qid": "Q6",
  "question_type": "clinical_plan",
  "per_model": {
    "gpt": {
      "correctness": 1.0,
      "completeness": 1.0,
      "faithfulness": 5.0,
      "relevance": 1.0,
      "average": 2.0
    },
    "claude": {
      "correctness": 1.0,
      "completeness": 1.0,
      "faithfulness": 1.0,
      "relevance": 1.0,
      "average": 1.0
    },
    "gemini": {
      "correctness": 1.0,
      "completeness": 1.0,
      "faithfulness": 1.0,
      "relevance": 1.0,
      "average": 1.0
    },
    "grok": {
      "correctness": 2.3333333333333335,
      "completeness": 1.0,
      "faithfulness": 3.6666666666666665,
      "relevance": 1.6666666666666667,
      "average": 2.1666666666666665
    }
  },
  "ensemble": {
    "correctness": 1.3333333333333335,
    "completeness": 1.0,
    "faithfulness": 2.6666666666666665,
    "relevance": 1.1666666666666667,
    "average": 1.5416666666666665
  }
}