{
  "res_id": "RES0202",
  "qid": "Q7",
  "question_type": "temporal_progression",
  "per_model": {
    "gpt": {
      "correctness": 4.0,
      "completeness": 1.0,
      "faithfulness": 4.333333333333333,
      "relevance": 2.3333333333333335,
      "average": 2.9166666666666665
    },
    "claude": {
      "correctness": 1.6666666666666667,
      "completeness": 1.0,
      "faithfulness": 3.6666666666666665,
      "relevance": 2.0,
      "average": 2.0833333333333335
    },
    "gemini": {
      "correctness": 4.666666666666667,
      "completeness": 1.0,
      "faithfulness": 5.0,
      "relevance": 2.0,
      "average": 3.1666666666666665
    },
    "grok": {
      "correctness": 5.0,
      "completeness": 1.0,
      "faithfulness": 5.0,
      "relevance": 3.0,
      "average": 3.5
    }
  },
  "ensemble": {
    "correctness": 3.8333333333333335,
    "completeness": 1.0,
    "faithfulness": 4.5,
    "relevance": 2.3333333333333335,
    "average": 2.9166666666666665
  }
}