{
  "res_id": "RES0210",
  "qid": "Q5",
  "question_type": "risk_factors",
  "per_model": {
    "gpt": {
      "correctness": 1.6666666666666667,
      "completeness": 1.0,
      "faithfulness": 2.6666666666666665,
      "relevance": 2.0,
      "average": 1.8333333333333333
    },
    "claude": {
      "correctness": 1.3333333333333333,
      "completeness": 1.0,
      "faithfulness": 2.3333333333333335,
      "relevance": 2.0,
      "average": 1.6666666666666667
    },
    "gemini": {
      "correctness": 1.3333333333333333,
      "completeness": 1.0,
      "faithfulness": 1.3333333333333333,
      "relevance": 1.0,
      "average": 1.1666666666666667
    },
    "grok": {
      "correctness": 3.3333333333333335,
      "completeness": 1.0,
      "faithfulness": 5.0,
      "relevance": 3.3333333333333335,
      "average": 3.1666666666666665
    }
  },
  "ensemble": {
    "correctness": 1.9166666666666665,
    "completeness": 1.0,
    "faithfulness": 2.833333333333333,
    "relevance": 2.0833333333333335,
    "average": 1.9583333333333335
  }
}