{
  "res_id": "RES0214",
  "qid": "Q4",
  "question_type": "ruled_out",
  "per_model": {
    "gpt": {
      "correctness": 5.0,
      "completeness": 3.3333333333333335,
      "faithfulness": 5.0,
      "relevance": 5.0,
      "average": 4.583333333333333
    },
    "claude": {
      "correctness": 4.0,
      "completeness": 2.6666666666666665,
      "faithfulness": 4.666666666666667,
      "relevance": 4.666666666666667,
      "average": 4.0
    },
    "gemini": {
      "correctness": 5.0,
      "completeness": 3.6666666666666665,
      "faithfulness": 5.0,
      "relevance": 5.0,
      "average": 4.666666666666667
    },
    "grok": {
      "correctness": 4.0,
      "completeness": 3.3333333333333335,
      "faithfulness": 5.0,
      "relevance": 5.0,
      "average": 4.333333333333333
    }
  },
  "ensemble": {
    "correctness": 4.5,
    "completeness": 3.25,
    "faithfulness": 4.916666666666667,
    "relevance": 4.916666666666667,
    "average": 4.395833333333333
  }
}