{
  "res_id": "RES0208",
  "qid": "Q6",
  "question_type": "clinical_plan",
  "per_model": {
    "gpt": {
      "correctness": 4.333333333333333,
      "completeness": 2.0,
      "faithfulness": 4.333333333333333,
      "relevance": 4.0,
      "average": 3.6666666666666665
    },
    "claude": {
      "correctness": 3.3333333333333335,
      "completeness": 2.3333333333333335,
      "faithfulness": 5.0,
      "relevance": 3.0,
      "average": 3.4166666666666665
    },
    "gemini": {
      "correctness": 5.0,
      "completeness": 2.0,
      "faithfulness": 5.0,
      "relevance": 4.0,
      "average": 4.0
    },
    "grok": {
      "correctness": 5.0,
      "completeness": 3.0,
      "faithfulness": 5.0,
      "relevance": 5.0,
      "average": 4.5
    }
  },
  "ensemble": {
    "correctness": 4.416666666666666,
    "completeness": 2.3333333333333335,
    "faithfulness": 4.833333333333333,
    "relevance": 4.0,
    "average": 3.895833333333333
  }
}