{
  "res_id": "RES0216",
  "qid": "Q3",
  "question_type": "diagnostic_reasoning",
  "per_model": {
    "gpt": {
      "correctness": 3.3333333333333335,
      "completeness": 3.0,
      "faithfulness": 3.0,
      "relevance": 4.666666666666667,
      "average": 3.5
    },
    "claude": {
      "correctness": 2.6666666666666665,
      "completeness": 3.0,
      "faithfulness": 3.3333333333333335,
      "relevance": 3.6666666666666665,
      "average": 3.1666666666666665
    },
    "gemini": {
      "correctness": 4.0,
      "completeness": 3.0,
      "faithfulness": 4.333333333333333,
      "relevance": 5.0,
      "average": 4.083333333333333
    },
    "grok": {
      "correctness": 4.0,
      "completeness": 3.0,
      "faithfulness": 2.6666666666666665,
      "relevance": 5.0,
      "average": 3.6666666666666665
    }
  },
  "ensemble": {
    "correctness": 3.5,
    "completeness": 3.0,
    "faithfulness": 3.3333333333333335,
    "relevance": 4.583333333333334,
    "average": 3.6041666666666665
  }
}