{
  "res_id": "RES0209",
  "qid": "Q2",
  "question_type": "treatment_inventory",
  "per_model": {
    "gpt": {
      "correctness": 2.3333333333333335,
      "completeness": 2.6666666666666665,
      "faithfulness": 2.0,
      "relevance": 4.0,
      "average": 2.75
    },
    "claude": {
      "correctness": 2.0,
      "completeness": 2.6666666666666665,
      "faithfulness": 2.0,
      "relevance": 3.6666666666666665,
      "average": 2.5833333333333335
    },
    "gemini": {
      "correctness": 2.3333333333333335,
      "completeness": 2.6666666666666665,
      "faithfulness": 1.6666666666666667,
      "relevance": 4.333333333333333,
      "average": 2.75
    },
    "grok": {
      "correctness": 2.3333333333333335,
      "completeness": 2.3333333333333335,
      "faithfulness": 2.0,
      "relevance": 5.0,
      "average": 2.9166666666666665
    }
  },
  "ensemble": {
    "correctness": 2.2500000000000004,
    "completeness": 2.5833333333333335,
    "faithfulness": 1.9166666666666667,
    "relevance": 4.25,
    "average": 2.75
  }
}