{
  "res_id": "RES0205",
  "qid": "Q5",
  "question_type": "risk_factors",
  "per_model": {
    "gpt": {
      "correctness": 3.6666666666666665,
      "completeness": 4.0,
      "faithfulness": 3.0,
      "relevance": 5.0,
      "average": 3.9166666666666665
    },
    "claude": {
      "correctness": 4.666666666666667,
      "completeness": 4.333333333333333,
      "faithfulness": 5.0,
      "relevance": 5.0,
      "average": 4.75
    },
    "gemini": {
      "correctness": 5.0,
      "completeness": 4.0,
      "faithfulness": 5.0,
      "relevance": 5.0,
      "average": 4.75
    },
    "grok": {
      "correctness": 4.0,
      "completeness": 4.0,
      "faithfulness": 4.666666666666667,
      "relevance": 5.0,
      "average": 4.416666666666667
    }
  },
  "ensemble": {
    "correctness": 4.333333333333334,
    "completeness": 4.083333333333333,
    "faithfulness": 4.416666666666667,
    "relevance": 5.0,
    "average": 4.458333333333333
  }
}