{
  "res_id": "RES0208",
  "qid": "Q1",
  "question_type": "symptom_recall",
  "per_model": {
    "gpt": {
      "correctness": 3.0,
      "completeness": 2.0,
      "faithfulness": 3.6666666666666665,
      "relevance": 4.0,
      "average": 3.1666666666666665
    },
    "claude": {
      "correctness": 2.0,
      "completeness": 2.0,
      "faithfulness": 3.0,
      "relevance": 3.0,
      "average": 2.5
    },
    "gemini": {
      "correctness": 2.3333333333333335,
      "completeness": 2.0,
      "faithfulness": 4.333333333333333,
      "relevance": 5.0,
      "average": 3.4166666666666665
    },
    "grok": {
      "correctness": 3.0,
      "completeness": 2.0,
      "faithfulness": 5.0,
      "relevance": 4.666666666666667,
      "average": 3.6666666666666665
    }
  },
  "ensemble": {
    "correctness": 2.5833333333333335,
    "completeness": 2.0,
    "faithfulness": 4.0,
    "relevance": 4.166666666666667,
    "average": 3.1874999999999996
  }
}