{
  "res_id": "RES0209",
  "qid": "Q1",
  "question_type": "symptom_recall",
  "per_model": {
    "gpt": {
      "correctness": 4.0,
      "completeness": 3.0,
      "faithfulness": 4.333333333333333,
      "relevance": 4.333333333333333,
      "average": 3.9166666666666665
    },
    "claude": {
      "correctness": 4.333333333333333,
      "completeness": 3.6666666666666665,
      "faithfulness": 5.0,
      "relevance": 4.666666666666667,
      "average": 4.416666666666667
    },
    "gemini": {
      "correctness": 4.666666666666667,
      "completeness": 3.6666666666666665,
      "faithfulness": 5.0,
      "relevance": 4.333333333333333,
      "average": 4.416666666666667
    },
    "grok": {
      "correctness": 4.333333333333333,
      "completeness": 3.0,
      "faithfulness": 5.0,
      "relevance": 5.0,
      "average": 4.333333333333333
    }
  },
  "ensemble": {
    "correctness": 4.333333333333333,
    "completeness": 3.333333333333333,
    "faithfulness": 4.833333333333333,
    "relevance": 4.583333333333333,
    "average": 4.270833333333333
  }
}