{
  "res_id": "RES0216",
  "qid": "Q2",
  "question_type": "treatment_inventory",
  "per_model": {
    "gpt": {
      "correctness": 2.3333333333333335,
      "completeness": 2.3333333333333335,
      "faithfulness": 2.6666666666666665,
      "relevance": 4.0,
      "average": 2.8333333333333335
    },
    "claude": {
      "correctness": 2.0,
      "completeness": 2.3333333333333335,
      "faithfulness": 2.3333333333333335,
      "relevance": 3.0,
      "average": 2.4166666666666665
    },
    "gemini": {
      "correctness": 2.6666666666666665,
      "completeness": 2.0,
      "faithfulness": 2.6666666666666665,
      "relevance": 4.666666666666667,
      "average": 3.0
    },
    "grok": {
      "correctness": 2.0,
      "completeness": 2.0,
      "faithfulness": 2.0,
      "relevance": 4.0,
      "average": 2.5
    }
  },
  "ensemble": {
    "correctness": 2.25,
    "completeness": 2.166666666666667,
    "faithfulness": 2.4166666666666665,
    "relevance": 3.916666666666667,
    "average": 2.6875
  }
}