{
  "res_id": "RES0198",
  "qid": "Q5",
  "question_type": "risk_factors",
  "per_model": {
    "gpt": {
      "correctness": 4.0,
      "completeness": 3.0,
      "faithfulness": 3.0,
      "relevance": 4.666666666666667,
      "average": 3.6666666666666665
    },
    "claude": {
      "correctness": 2.3333333333333335,
      "completeness": 2.3333333333333335,
      "faithfulness": 2.0,
      "relevance": 3.3333333333333335,
      "average": 2.5
    },
    "gemini": {
      "correctness": 4.0,
      "completeness": 3.3333333333333335,
      "faithfulness": 3.3333333333333335,
      "relevance": 5.0,
      "average": 3.9166666666666665
    },
    "grok": {
      "correctness": 4.0,
      "completeness": 3.3333333333333335,
      "faithfulness": 2.6666666666666665,
      "relevance": 4.0,
      "average": 3.5
    }
  },
  "ensemble": {
    "correctness": 3.5833333333333335,
    "completeness": 3.0000000000000004,
    "faithfulness": 2.75,
    "relevance": 4.25,
    "average": 3.395833333333333
  }
}