{
  "res_id": "RES0204",
  "qid": "Q6",
  "question_type": "clinical_plan",
  "per_model": {
    "gpt": {
      "correctness": 4.0,
      "completeness": 3.0,
      "faithfulness": 4.0,
      "relevance": 4.666666666666667,
      "average": 3.9166666666666665
    },
    "claude": {
      "correctness": 4.0,
      "completeness": 3.6666666666666665,
      "faithfulness": 4.666666666666667,
      "relevance": 4.666666666666667,
      "average": 4.25
    },
    "gemini": {
      "correctness": 4.666666666666667,
      "completeness": 3.3333333333333335,
      "faithfulness": 5.0,
      "relevance": 5.0,
      "average": 4.5
    },
    "grok": {
      "correctness": 4.0,
      "completeness": 3.3333333333333335,
      "faithfulness": 4.666666666666667,
      "relevance": 5.0,
      "average": 4.25
    }
  },
  "ensemble": {
    "correctness": 4.166666666666667,
    "completeness": 3.3333333333333335,
    "faithfulness": 4.583333333333334,
    "relevance": 4.833333333333334,
    "average": 4.229166666666666
  }
}