{
  "res_id": "RES0216",
  "qid": "Q5",
  "question_type": "risk_factors",
  "per_model": {
    "gpt": {
      "correctness": 4.0,
      "completeness": 3.0,
      "faithfulness": 3.3333333333333335,
      "relevance": 4.666666666666667,
      "average": 3.75
    },
    "claude": {
      "correctness": 3.0,
      "completeness": 3.0,
      "faithfulness": 4.0,
      "relevance": 3.3333333333333335,
      "average": 3.3333333333333335
    },
    "gemini": {
      "correctness": 5.0,
      "completeness": 3.0,
      "faithfulness": 4.333333333333333,
      "relevance": 4.333333333333333,
      "average": 4.166666666666667
    },
    "grok": {
      "correctness": 3.3333333333333335,
      "completeness": 3.0,
      "faithfulness": 2.3333333333333335,
      "relevance": 4.0,
      "average": 3.1666666666666665
    }
  },
  "ensemble": {
    "correctness": 3.8333333333333335,
    "completeness": 3.0,
    "faithfulness": 3.5000000000000004,
    "relevance": 4.083333333333333,
    "average": 3.6041666666666665
  }
}