{
  "res_id": "RES0209",
  "qid": "Q4",
  "question_type": "ruled_out",
  "per_model": {
    "gpt": {
      "correctness": 2.0,
      "completeness": 1.3333333333333333,
      "faithfulness": 2.0,
      "relevance": 2.6666666666666665,
      "average": 2.0
    },
    "claude": {
      "correctness": 1.3333333333333333,
      "completeness": 1.0,
      "faithfulness": 1.6666666666666667,
      "relevance": 2.0,
      "average": 1.5
    },
    "gemini": {
      "correctness": 2.0,
      "completeness": 1.3333333333333333,
      "faithfulness": 4.0,
      "relevance": 2.3333333333333335,
      "average": 2.4166666666666665
    },
    "grok": {
      "correctness": 1.3333333333333333,
      "completeness": 1.0,
      "faithfulness": 2.0,
      "relevance": 2.3333333333333335,
      "average": 1.6666666666666667
    }
  },
  "ensemble": {
    "correctness": 1.6666666666666665,
    "completeness": 1.1666666666666665,
    "faithfulness": 2.416666666666667,
    "relevance": 2.3333333333333335,
    "average": 1.8958333333333333
  }
}