{
  "res_id": "RES0214",
  "qid": "Q4",
  "question_type": "ruled_out",
  "per_model": {
    "gpt": {
      "correctness": 4.0,
      "completeness": 3.3333333333333335,
      "faithfulness": 4.333333333333333,
      "relevance": 5.0,
      "average": 4.166666666666667
    },
    "claude": {
      "correctness": 4.666666666666667,
      "completeness": 3.3333333333333335,
      "faithfulness": 5.0,
      "relevance": 5.0,
      "average": 4.5
    },
    "gemini": {
      "correctness": 5.0,
      "completeness": 4.0,
      "faithfulness": 5.0,
      "relevance": 5.0,
      "average": 4.75
    },
    "grok": {
      "correctness": 4.333333333333333,
      "completeness": 4.0,
      "faithfulness": 5.0,
      "relevance": 5.0,
      "average": 4.583333333333333
    }
  },
  "ensemble": {
    "correctness": 4.5,
    "completeness": 3.666666666666667,
    "faithfulness": 4.833333333333333,
    "relevance": 5.0,
    "average": 4.5
  }
}