{
  "res_id": "RES0209",
  "qid": "Q6",
  "question_type": "clinical_plan",
  "per_model": {
    "gpt": {
      "correctness": 4.333333333333333,
      "completeness": 3.0,
      "faithfulness": 4.0,
      "relevance": 4.0,
      "average": 3.8333333333333335
    },
    "claude": {
      "correctness": 2.3333333333333335,
      "completeness": 3.0,
      "faithfulness": 3.0,
      "relevance": 3.3333333333333335,
      "average": 2.9166666666666665
    },
    "gemini": {
      "correctness": 4.666666666666667,
      "completeness": 4.0,
      "faithfulness": 4.333333333333333,
      "relevance": 5.0,
      "average": 4.5
    },
    "grok": {
      "correctness": 3.3333333333333335,
      "completeness": 4.0,
      "faithfulness": 3.3333333333333335,
      "relevance": 5.0,
      "average": 3.9166666666666665
    }
  },
  "ensemble": {
    "correctness": 3.6666666666666665,
    "completeness": 3.5,
    "faithfulness": 3.6666666666666665,
    "relevance": 4.333333333333334,
    "average": 3.7916666666666665
  }
}