{
  "res_id": "RES0212",
  "qid": "Q4",
  "question_type": "ruled_out",
  "per_model": {
    "gpt": {
      "correctness": 2.0,
      "completeness": 1.3333333333333333,
      "faithfulness": 2.0,
      "relevance": 2.6666666666666665,
      "average": 2.0
    },
    "claude": {
      "correctness": 2.0,
      "completeness": 2.0,
      "faithfulness": 2.0,
      "relevance": 2.6666666666666665,
      "average": 2.1666666666666665
    },
    "gemini": {
      "correctness": 2.0,
      "completeness": 2.0,
      "faithfulness": 2.3333333333333335,
      "relevance": 3.6666666666666665,
      "average": 2.5
    },
    "grok": {
      "correctness": 2.0,
      "completeness": 1.3333333333333333,
      "faithfulness": 2.0,
      "relevance": 3.0,
      "average": 2.0833333333333335
    }
  },
  "ensemble": {
    "correctness": 2.0,
    "completeness": 1.6666666666666665,
    "faithfulness": 2.0833333333333335,
    "relevance": 3.0,
    "average": 2.1875
  }
}