{
  "res_id": "RES0214",
  "qid": "Q5",
  "question_type": "risk_factors",
  "per_model": {
    "gpt": {
      "correctness": 3.3333333333333335,
      "completeness": 3.0,
      "faithfulness": 2.6666666666666665,
      "relevance": 4.333333333333333,
      "average": 3.3333333333333335
    },
    "claude": {
      "correctness": 3.0,
      "completeness": 4.0,
      "faithfulness": 2.3333333333333335,
      "relevance": 4.333333333333333,
      "average": 3.4166666666666665
    },
    "gemini": {
      "correctness": 4.333333333333333,
      "completeness": 3.3333333333333335,
      "faithfulness": 4.333333333333333,
      "relevance": 5.0,
      "average": 4.25
    },
    "grok": {
      "correctness": 4.0,
      "completeness": 3.3333333333333335,
      "faithfulness": 2.6666666666666665,
      "relevance": 4.0,
      "average": 3.5
    }
  },
  "ensemble": {
    "correctness": 3.666666666666667,
    "completeness": 3.416666666666667,
    "faithfulness": 2.9999999999999996,
    "relevance": 4.416666666666666,
    "average": 3.625
  }
}