{
  "res_id": "RES0200",
  "qid": "Q7",
  "question_type": "temporal_progression",
  "per_model": {
    "gpt": {
      "correctness": 2.0,
      "completeness": 2.3333333333333335,
      "faithfulness": 2.3333333333333335,
      "relevance": 4.666666666666667,
      "average": 2.8333333333333335
    },
    "claude": {
      "correctness": 2.0,
      "completeness": 3.0,
      "faithfulness": 2.6666666666666665,
      "relevance": 4.0,
      "average": 2.9166666666666665
    },
    "gemini": {
      "correctness": 2.0,
      "completeness": 2.6666666666666665,
      "faithfulness": 2.6666666666666665,
      "relevance": 5.0,
      "average": 3.0833333333333335
    },
    "grok": {
      "correctness": 2.0,
      "completeness": 2.6666666666666665,
      "faithfulness": 2.6666666666666665,
      "relevance": 4.666666666666667,
      "average": 3.0
    }
  },
  "ensemble": {
    "correctness": 2.0,
    "completeness": 2.6666666666666665,
    "faithfulness": 2.583333333333333,
    "relevance": 4.583333333333334,
    "average": 2.9583333333333335
  }
}