{
  "res_id": "RES0213",
  "qid": "Q7",
  "question_type": "temporal_progression",
  "per_model": {
    "gpt": {
      "correctness": 3.0,
      "completeness": 2.0,
      "faithfulness": 2.0,
      "relevance": 3.3333333333333335,
      "average": 2.5833333333333335
    },
    "claude": {
      "correctness": 2.0,
      "completeness": 2.0,
      "faithfulness": 2.3333333333333335,
      "relevance": 2.0,
      "average": 2.0833333333333335
    },
    "gemini": {
      "correctness": 2.6666666666666665,
      "completeness": 2.3333333333333335,
      "faithfulness": 2.0,
      "relevance": 3.0,
      "average": 2.5
    },
    "grok": {
      "correctness": 2.0,
      "completeness": 2.0,
      "faithfulness": 2.0,
      "relevance": 3.0,
      "average": 2.25
    }
  },
  "ensemble": {
    "correctness": 2.4166666666666665,
    "completeness": 2.0833333333333335,
    "faithfulness": 2.0833333333333335,
    "relevance": 2.8333333333333335,
    "average": 2.354166666666667
  }
}