{
  "res_id": "RES0204",
  "qid": "Q4",
  "question_type": "ruled_out",
  "per_model": {
    "gpt": {
      "correctness": 4.0,
      "completeness": 3.6666666666666665,
      "faithfulness": 3.6666666666666665,
      "relevance": 5.0,
      "average": 4.083333333333333
    },
    "claude": {
      "correctness": 3.6666666666666665,
      "completeness": 3.0,
      "faithfulness": 3.6666666666666665,
      "relevance": 5.0,
      "average": 3.8333333333333335
    },
    "gemini": {
      "correctness": 4.0,
      "completeness": 4.666666666666667,
      "faithfulness": 3.6666666666666665,
      "relevance": 5.0,
      "average": 4.333333333333333
    },
    "grok": {
      "correctness": 4.0,
      "completeness": 4.0,
      "faithfulness": 3.6666666666666665,
      "relevance": 5.0,
      "average": 4.166666666666667
    }
  },
  "ensemble": {
    "correctness": 3.9166666666666665,
    "completeness": 3.833333333333333,
    "faithfulness": 3.6666666666666665,
    "relevance": 5.0,
    "average": 4.104166666666667
  }
}