{
  "res_id": "RES0211",
  "qid": "Q2",
  "question_type": "treatment_inventory",
  "per_model": {
    "gpt": {
      "correctness": 2.0,
      "completeness": 2.0,
      "faithfulness": 3.0,
      "relevance": 4.333333333333333,
      "average": 2.8333333333333335
    },
    "claude": {
      "correctness": 2.0,
      "completeness": 2.0,
      "faithfulness": 2.0,
      "relevance": 3.0,
      "average": 2.25
    },
    "gemini": {
      "correctness": 2.3333333333333335,
      "completeness": 2.0,
      "faithfulness": 4.0,
      "relevance": 4.0,
      "average": 3.0833333333333335
    },
    "grok": {
      "correctness": 2.0,
      "completeness": 2.0,
      "faithfulness": 2.6666666666666665,
      "relevance": 4.333333333333333,
      "average": 2.75
    }
  },
  "ensemble": {
    "correctness": 2.0833333333333335,
    "completeness": 2.0,
    "faithfulness": 2.9166666666666665,
    "relevance": 3.916666666666666,
    "average": 2.729166666666667
  }
}