{
  "res_id": "RES0217",
  "qid": "Q2",
  "question_type": "treatment_inventory",
  "per_model": {
    "gpt": {
      "correctness": 4.666666666666667,
      "completeness": 2.6666666666666665,
      "faithfulness": 4.0,
      "relevance": 5.0,
      "average": 4.083333333333333
    },
    "claude": {
      "correctness": 4.333333333333333,
      "completeness": 3.0,
      "faithfulness": 4.666666666666667,
      "relevance": 4.333333333333333,
      "average": 4.083333333333333
    },
    "gemini": {
      "correctness": 5.0,
      "completeness": 3.0,
      "faithfulness": 4.666666666666667,
      "relevance": 5.0,
      "average": 4.416666666666667
    },
    "grok": {
      "correctness": 4.666666666666667,
      "completeness": 3.0,
      "faithfulness": 2.6666666666666665,
      "relevance": 5.0,
      "average": 3.8333333333333335
    }
  },
  "ensemble": {
    "correctness": 4.666666666666667,
    "completeness": 2.9166666666666665,
    "faithfulness": 4.000000000000001,
    "relevance": 4.833333333333333,
    "average": 4.104166666666666
  }
}