{
  "res_id": "RES0204",
  "qid": "Q5",
  "question_type": "risk_factors",
  "per_model": {
    "gpt": {
      "correctness": 4.0,
      "completeness": 3.0,
      "faithfulness": 4.0,
      "relevance": 4.0,
      "average": 3.75
    },
    "claude": {
      "correctness": 2.6666666666666665,
      "completeness": 2.3333333333333335,
      "faithfulness": 2.6666666666666665,
      "relevance": 3.6666666666666665,
      "average": 2.8333333333333335
    },
    "gemini": {
      "correctness": 3.5,
      "completeness": 3.0,
      "faithfulness": 4.5,
      "relevance": 5.0,
      "average": 4.0
    },
    "grok": {
      "correctness": 3.0,
      "completeness": 2.3333333333333335,
      "faithfulness": 4.333333333333333,
      "relevance": 4.333333333333333,
      "average": 3.5
    }
  },
  "ensemble": {
    "correctness": 3.2916666666666665,
    "completeness": 2.666666666666667,
    "faithfulness": 3.875,
    "relevance": 4.25,
    "average": 3.5208333333333335
  }
}