{
  "res_id": "RES0203",
  "qid": "Q6",
  "question_type": "clinical_plan",
  "per_model": {
    "gpt": {
      "correctness": 2.0,
      "completeness": 3.0,
      "faithfulness": 2.0,
      "relevance": 4.0,
      "average": 2.75
    },
    "claude": {
      "correctness": 2.0,
      "completeness": 3.0,
      "faithfulness": 2.3333333333333335,
      "relevance": 4.333333333333333,
      "average": 2.9166666666666665
    },
    "gemini": {
      "correctness": 2.3333333333333335,
      "completeness": 3.0,
      "faithfulness": 2.6666666666666665,
      "relevance": 5.0,
      "average": 3.25
    },
    "grok": {
      "correctness": 2.0,
      "completeness": 3.0,
      "faithfulness": 2.0,
      "relevance": 4.666666666666667,
      "average": 2.9166666666666665
    }
  },
  "ensemble": {
    "correctness": 2.0833333333333335,
    "completeness": 3.0,
    "faithfulness": 2.25,
    "relevance": 4.5,
    "average": 2.958333333333333
  }
}