{
  "res_id": "RES0212",
  "qid": "Q1",
  "question_type": "symptom_recall",
  "per_model": {
    "gpt": {
      "correctness": 2.6666666666666665,
      "completeness": 2.0,
      "faithfulness": 2.6666666666666665,
      "relevance": 3.3333333333333335,
      "average": 2.6666666666666665
    },
    "claude": {
      "correctness": 2.0,
      "completeness": 2.3333333333333335,
      "faithfulness": 3.0,
      "relevance": 3.3333333333333335,
      "average": 2.6666666666666665
    },
    "gemini": {
      "correctness": 4.0,
      "completeness": 2.0,
      "faithfulness": 5.0,
      "relevance": 5.0,
      "average": 4.0
    },
    "grok": {
      "correctness": 3.0,
      "completeness": 2.0,
      "faithfulness": 4.666666666666667,
      "relevance": 4.0,
      "average": 3.4166666666666665
    }
  },
  "ensemble": {
    "correctness": 2.9166666666666665,
    "completeness": 2.0833333333333335,
    "faithfulness": 3.833333333333333,
    "relevance": 3.916666666666667,
    "average": 3.1874999999999996
  }
}