{
  "res_id": "RES0207",
  "qid": "Q1",
  "question_type": "symptom_recall",
  "per_model": {
    "gpt": {
      "correctness": 4.333333333333333,
      "completeness": 4.0,
      "faithfulness": 5.0,
      "relevance": 5.0,
      "average": 4.583333333333333
    },
    "claude": {
      "correctness": 5.0,
      "completeness": 3.3333333333333335,
      "faithfulness": 5.0,
      "relevance": 5.0,
      "average": 4.583333333333333
    },
    "gemini": {
      "correctness": 5.0,
      "completeness": 3.0,
      "faithfulness": 5.0,
      "relevance": 5.0,
      "average": 4.5
    },
    "grok": {
      "correctness": 4.666666666666667,
      "completeness": 4.0,
      "faithfulness": 5.0,
      "relevance": 5.0,
      "average": 4.666666666666667
    }
  },
  "ensemble": {
    "correctness": 4.75,
    "completeness": 3.5833333333333335,
    "faithfulness": 5.0,
    "relevance": 5.0,
    "average": 4.583333333333333
  }
}