{
  "res_id": "RES0200",
  "qid": "Q5",
  "question_type": "risk_factors",
  "per_model": {
    "gpt": {
      "correctness": 3.6666666666666665,
      "completeness": 2.6666666666666665,
      "faithfulness": 2.3333333333333335,
      "relevance": 4.0,
      "average": 3.1666666666666665
    },
    "claude": {
      "correctness": 3.0,
      "completeness": 2.6666666666666665,
      "faithfulness": 2.0,
      "relevance": 3.0,
      "average": 2.6666666666666665
    },
    "gemini": {
      "correctness": 4.666666666666667,
      "completeness": 3.0,
      "faithfulness": 3.0,
      "relevance": 4.333333333333333,
      "average": 3.75
    },
    "grok": {
      "correctness": 3.3333333333333335,
      "completeness": 3.0,
      "faithfulness": 2.0,
      "relevance": 4.0,
      "average": 3.0833333333333335
    }
  },
  "ensemble": {
    "correctness": 3.6666666666666665,
    "completeness": 2.833333333333333,
    "faithfulness": 2.3333333333333335,
    "relevance": 3.833333333333333,
    "average": 3.1666666666666665
  }
}