{
  "res_id": "RES0215",
  "qid": "Q5",
  "question_type": "risk_factors",
  "per_model": {
    "gpt": {
      "correctness": 4.0,
      "completeness": 3.0,
      "faithfulness": 3.0,
      "relevance": 4.0,
      "average": 3.5
    },
    "claude": {
      "correctness": 3.3333333333333335,
      "completeness": 3.0,
      "faithfulness": 2.3333333333333335,
      "relevance": 4.0,
      "average": 3.1666666666666665
    },
    "gemini": {
      "correctness": 4.666666666666667,
      "completeness": 4.0,
      "faithfulness": 4.333333333333333,
      "relevance": 5.0,
      "average": 4.5
    },
    "grok": {
      "correctness": 4.0,
      "completeness": 4.0,
      "faithfulness": 3.0,
      "relevance": 4.333333333333333,
      "average": 3.8333333333333335
    }
  },
  "ensemble": {
    "correctness": 4.0,
    "completeness": 3.5,
    "faithfulness": 3.166666666666667,
    "relevance": 4.333333333333333,
    "average": 3.75
  }
}