{
  "res_id": "RES0206",
  "qid": "Q2",
  "question_type": "treatment_inventory",
  "per_model": {
    "gpt": {
      "correctness": 4.0,
      "completeness": 3.6666666666666665,
      "faithfulness": 3.6666666666666665,
      "relevance": 4.666666666666667,
      "average": 4.0
    },
    "claude": {
      "correctness": 4.666666666666667,
      "completeness": 3.0,
      "faithfulness": 4.0,
      "relevance": 5.0,
      "average": 4.166666666666667
    },
    "gemini": {
      "correctness": 4.333333333333333,
      "completeness": 3.6666666666666665,
      "faithfulness": 4.333333333333333,
      "relevance": 5.0,
      "average": 4.333333333333333
    },
    "grok": {
      "correctness": 4.0,
      "completeness": 3.0,
      "faithfulness": 3.6666666666666665,
      "relevance": 5.0,
      "average": 3.9166666666666665
    }
  },
  "ensemble": {
    "correctness": 4.25,
    "completeness": 3.333333333333333,
    "faithfulness": 3.9166666666666665,
    "relevance": 4.916666666666667,
    "average": 4.104166666666667
  }
}