{
  "res_id": "RES0206",
  "qid": "Q1",
  "question_type": "symptom_recall",
  "per_model": {
    "gpt": {
      "correctness": 2.6666666666666665,
      "completeness": 2.6666666666666665,
      "faithfulness": 3.0,
      "relevance": 4.666666666666667,
      "average": 3.25
    },
    "claude": {
      "correctness": 2.0,
      "completeness": 3.0,
      "faithfulness": 2.6666666666666665,
      "relevance": 4.333333333333333,
      "average": 3.0
    },
    "gemini": {
      "correctness": 2.0,
      "completeness": 2.6666666666666665,
      "faithfulness": 2.6666666666666665,
      "relevance": 5.0,
      "average": 3.0833333333333335
    },
    "grok": {
      "correctness": 2.0,
      "completeness": 3.0,
      "faithfulness": 3.0,
      "relevance": 5.0,
      "average": 3.25
    }
  },
  "ensemble": {
    "correctness": 2.1666666666666665,
    "completeness": 2.833333333333333,
    "faithfulness": 2.833333333333333,
    "relevance": 4.75,
    "average": 3.1458333333333335
  }
}