{
  "res_id": "RES0205",
  "qid": "Q7",
  "question_type": "temporal_progression",
  "per_model": {
    "gpt": {
      "correctness": 4.333333333333333,
      "completeness": 3.0,
      "faithfulness": 4.666666666666667,
      "relevance": 4.0,
      "average": 4.0
    },
    "claude": {
      "correctness": 4.333333333333333,
      "completeness": 3.0,
      "faithfulness": 5.0,
      "relevance": 4.666666666666667,
      "average": 4.25
    },
    "gemini": {
      "correctness": 5.0,
      "completeness": 3.0,
      "faithfulness": 5.0,
      "relevance": 4.333333333333333,
      "average": 4.333333333333333
    },
    "grok": {
      "correctness": 4.666666666666667,
      "completeness": 3.3333333333333335,
      "faithfulness": 5.0,
      "relevance": 5.0,
      "average": 4.5
    }
  },
  "ensemble": {
    "correctness": 4.583333333333333,
    "completeness": 3.0833333333333335,
    "faithfulness": 4.916666666666667,
    "relevance": 4.5,
    "average": 4.270833333333333
  }
}