{
  "res_id": "RES0215",
  "qid": "Q1",
  "question_type": "symptom_recall",
  "per_model": {
    "gpt": {
      "correctness": 4.666666666666667,
      "completeness": 3.3333333333333335,
      "faithfulness": 5.0,
      "relevance": 5.0,
      "average": 4.5
    },
    "claude": {
      "correctness": 4.666666666666667,
      "completeness": 3.0,
      "faithfulness": 5.0,
      "relevance": 5.0,
      "average": 4.416666666666667
    },
    "gemini": {
      "correctness": 4.333333333333333,
      "completeness": 3.6666666666666665,
      "faithfulness": 5.0,
      "relevance": 5.0,
      "average": 4.5
    },
    "grok": {
      "correctness": 4.0,
      "completeness": 4.0,
      "faithfulness": 5.0,
      "relevance": 5.0,
      "average": 4.5
    }
  },
  "ensemble": {
    "correctness": 4.416666666666667,
    "completeness": 3.5,
    "faithfulness": 5.0,
    "relevance": 5.0,
    "average": 4.479166666666667
  }
}