{
  "res_id": "RES0203",
  "qid": "Q7",
  "question_type": "temporal_progression",
  "per_model": {
    "gpt": {
      "correctness": 3.3333333333333335,
      "completeness": 2.3333333333333335,
      "faithfulness": 3.0,
      "relevance": 3.6666666666666665,
      "average": 3.0833333333333335
    },
    "claude": {
      "correctness": 2.0,
      "completeness": 2.0,
      "faithfulness": 2.0,
      "relevance": 3.0,
      "average": 2.25
    },
    "gemini": {
      "correctness": 2.6666666666666665,
      "completeness": 2.3333333333333335,
      "faithfulness": 2.6666666666666665,
      "relevance": 4.666666666666667,
      "average": 3.0833333333333335
    },
    "grok": {
      "correctness": 3.0,
      "completeness": 3.0,
      "faithfulness": 2.6666666666666665,
      "relevance": 4.666666666666667,
      "average": 3.3333333333333335
    }
  },
  "ensemble": {
    "correctness": 2.75,
    "completeness": 2.416666666666667,
    "faithfulness": 2.583333333333333,
    "relevance": 4.0,
    "average": 2.9375000000000004
  }
}