{
  "res_id": "RES0202",
  "qid": "Q3",
  "question_type": "diagnostic_reasoning",
  "per_model": {
    "gpt": {
      "correctness": 4.0,
      "completeness": 4.0,
      "faithfulness": 2.6666666666666665,
      "relevance": 4.666666666666667,
      "average": 3.8333333333333335
    },
    "claude": {
      "correctness": 4.666666666666667,
      "completeness": 4.666666666666667,
      "faithfulness": 3.3333333333333335,
      "relevance": 5.0,
      "average": 4.416666666666667
    },
    "gemini": {
      "correctness": 4.666666666666667,
      "completeness": 5.0,
      "faithfulness": 3.0,
      "relevance": 5.0,
      "average": 4.416666666666667
    },
    "grok": {
      "correctness": 4.0,
      "completeness": 5.0,
      "faithfulness": 2.0,
      "relevance": 5.0,
      "average": 4.0
    }
  },
  "ensemble": {
    "correctness": 4.333333333333334,
    "completeness": 4.666666666666667,
    "faithfulness": 2.75,
    "relevance": 4.916666666666667,
    "average": 4.166666666666667
  }
}