{
  "res_id": "RES0199",
  "qid": "Q1",
  "question_type": "symptom_recall",
  "per_model": {
    "gpt": {
      "correctness": 2.3333333333333335,
      "completeness": 2.6666666666666665,
      "faithfulness": 2.6666666666666665,
      "relevance": 4.333333333333333,
      "average": 3.0
    },
    "claude": {
      "correctness": 2.0,
      "completeness": 2.0,
      "faithfulness": 3.0,
      "relevance": 3.0,
      "average": 2.5
    },
    "gemini": {
      "correctness": 2.0,
      "completeness": 2.3333333333333335,
      "faithfulness": 2.3333333333333335,
      "relevance": 4.333333333333333,
      "average": 2.75
    },
    "grok": {
      "correctness": 2.3333333333333335,
      "completeness": 2.0,
      "faithfulness": 3.3333333333333335,
      "relevance": 5.0,
      "average": 3.1666666666666665
    }
  },
  "ensemble": {
    "correctness": 2.166666666666667,
    "completeness": 2.25,
    "faithfulness": 2.8333333333333335,
    "relevance": 4.166666666666666,
    "average": 2.8541666666666665
  }
}