{
  "res_id": "RES0209",
  "qid": "Q5",
  "question_type": "risk_factors",
  "per_model": {
    "gpt": {
      "correctness": 4.0,
      "completeness": 3.0,
      "faithfulness": 3.6666666666666665,
      "relevance": 4.666666666666667,
      "average": 3.8333333333333335
    },
    "claude": {
      "correctness": 3.3333333333333335,
      "completeness": 3.0,
      "faithfulness": 2.3333333333333335,
      "relevance": 4.333333333333333,
      "average": 3.25
    },
    "gemini": {
      "correctness": 4.666666666666667,
      "completeness": 4.0,
      "faithfulness": 3.3333333333333335,
      "relevance": 5.0,
      "average": 4.25
    },
    "grok": {
      "correctness": 3.3333333333333335,
      "completeness": 3.6666666666666665,
      "faithfulness": 2.3333333333333335,
      "relevance": 5.0,
      "average": 3.5833333333333335
    }
  },
  "ensemble": {
    "correctness": 3.8333333333333335,
    "completeness": 3.4166666666666665,
    "faithfulness": 2.916666666666667,
    "relevance": 4.75,
    "average": 3.729166666666667
  }
}