{
  "res_id": "RES0203",
  "qid": "Q1",
  "question_type": "symptom_recall",
  "per_model": {
    "gpt": {
      "correctness": 2.6666666666666665,
      "completeness": 2.0,
      "faithfulness": 3.0,
      "relevance": 3.6666666666666665,
      "average": 2.8333333333333335
    },
    "claude": {
      "correctness": 2.0,
      "completeness": 2.0,
      "faithfulness": 3.0,
      "relevance": 3.3333333333333335,
      "average": 2.5833333333333335
    },
    "gemini": {
      "correctness": 2.3333333333333335,
      "completeness": 1.3333333333333333,
      "faithfulness": 3.3333333333333335,
      "relevance": 3.3333333333333335,
      "average": 2.5833333333333335
    },
    "grok": {
      "correctness": 2.0,
      "completeness": 2.0,
      "faithfulness": 2.6666666666666665,
      "relevance": 5.0,
      "average": 2.9166666666666665
    }
  },
  "ensemble": {
    "correctness": 2.25,
    "completeness": 1.8333333333333333,
    "faithfulness": 3.0,
    "relevance": 3.8333333333333335,
    "average": 2.7291666666666665
  }
}