{
  "res_id": "RES0204",
  "qid": "Q2",
  "question_type": "treatment_inventory",
  "per_model": {
    "gpt": {
      "correctness": 3.6666666666666665,
      "completeness": 2.6666666666666665,
      "faithfulness": 5.0,
      "relevance": 4.0,
      "average": 3.8333333333333335
    },
    "claude": {
      "correctness": 3.0,
      "completeness": 2.3333333333333335,
      "faithfulness": 4.666666666666667,
      "relevance": 3.3333333333333335,
      "average": 3.3333333333333335
    },
    "gemini": {
      "correctness": 5.0,
      "completeness": 3.0,
      "faithfulness": 5.0,
      "relevance": 5.0,
      "average": 4.5
    },
    "grok": {
      "correctness": 3.6666666666666665,
      "completeness": 2.0,
      "faithfulness": 5.0,
      "relevance": 4.333333333333333,
      "average": 3.75
    }
  },
  "ensemble": {
    "correctness": 3.833333333333333,
    "completeness": 2.5,
    "faithfulness": 4.916666666666667,
    "relevance": 4.166666666666667,
    "average": 3.854166666666667
  }
}