{
  "res_id": "RES0208",
  "qid": "Q2",
  "question_type": "treatment_inventory",
  "per_model": {
    "gpt": {
      "correctness": 3.3333333333333335,
      "completeness": 2.6666666666666665,
      "faithfulness": 4.0,
      "relevance": 4.0,
      "average": 3.5
    },
    "claude": {
      "correctness": 2.0,
      "completeness": 2.6666666666666665,
      "faithfulness": 3.6666666666666665,
      "relevance": 3.0,
      "average": 2.8333333333333335
    },
    "gemini": {
      "correctness": 3.5,
      "completeness": 3.0,
      "faithfulness": 5.0,
      "relevance": 4.5,
      "average": 4.0
    },
    "grok": {
      "correctness": 2.0,
      "completeness": 2.6666666666666665,
      "faithfulness": 3.6666666666666665,
      "relevance": 4.333333333333333,
      "average": 3.1666666666666665
    }
  },
  "ensemble": {
    "correctness": 2.7083333333333335,
    "completeness": 2.7499999999999996,
    "faithfulness": 4.083333333333333,
    "relevance": 3.958333333333333,
    "average": 3.375
  }
}