{
  "res_id": "RES0217",
  "qid": "Q5",
  "question_type": "risk_factors",
  "per_model": {
    "gpt": {
      "correctness": 2.0,
      "completeness": 2.0,
      "faithfulness": 2.0,
      "relevance": 3.3333333333333335,
      "average": 2.3333333333333335
    },
    "claude": {
      "correctness": 2.0,
      "completeness": 2.0,
      "faithfulness": 1.6666666666666667,
      "relevance": 2.3333333333333335,
      "average": 2.0
    },
    "gemini": {
      "correctness": 2.0,
      "completeness": 2.3333333333333335,
      "faithfulness": 2.0,
      "relevance": 3.0,
      "average": 2.3333333333333335
    },
    "grok": {
      "correctness": 2.0,
      "completeness": 3.0,
      "faithfulness": 2.0,
      "relevance": 4.0,
      "average": 2.75
    }
  },
  "ensemble": {
    "correctness": 2.0,
    "completeness": 2.3333333333333335,
    "faithfulness": 1.9166666666666667,
    "relevance": 3.166666666666667,
    "average": 2.354166666666667
  }
}