{
  "res_id": "RES0207",
  "qid": "Q2",
  "question_type": "treatment_inventory",
  "per_model": {
    "gpt": {
      "correctness": 3.6666666666666665,
      "completeness": 2.3333333333333335,
      "faithfulness": 3.6666666666666665,
      "relevance": 5.0,
      "average": 3.6666666666666665
    },
    "claude": {
      "correctness": 3.0,
      "completeness": 3.0,
      "faithfulness": 4.0,
      "relevance": 3.0,
      "average": 3.25
    },
    "gemini": {
      "correctness": 4.666666666666667,
      "completeness": 2.3333333333333335,
      "faithfulness": 5.0,
      "relevance": 4.0,
      "average": 4.0
    },
    "grok": {
      "correctness": 3.3333333333333335,
      "completeness": 2.0,
      "faithfulness": 2.0,
      "relevance": 4.666666666666667,
      "average": 3.0
    }
  },
  "ensemble": {
    "correctness": 3.6666666666666665,
    "completeness": 2.416666666666667,
    "faithfulness": 3.6666666666666665,
    "relevance": 4.166666666666667,
    "average": 3.4791666666666665
  }
}