{
  "res_id": "RES0210",
  "qid": "Q4",
  "question_type": "ruled_out",
  "per_model": {
    "gpt": {
      "correctness": 2.0,
      "completeness": 2.0,
      "faithfulness": 2.0,
      "relevance": 3.6666666666666665,
      "average": 2.4166666666666665
    },
    "claude": {
      "correctness": 1.6666666666666667,
      "completeness": 2.0,
      "faithfulness": 1.6666666666666667,
      "relevance": 2.6666666666666665,
      "average": 2.0
    },
    "gemini": {
      "correctness": 2.0,
      "completeness": 2.0,
      "faithfulness": 1.0,
      "relevance": 3.6666666666666665,
      "average": 2.1666666666666665
    },
    "grok": {
      "correctness": 2.0,
      "completeness": 2.3333333333333335,
      "faithfulness": 2.0,
      "relevance": 4.333333333333333,
      "average": 2.6666666666666665
    }
  },
  "ensemble": {
    "correctness": 1.9166666666666667,
    "completeness": 2.0833333333333335,
    "faithfulness": 1.6666666666666667,
    "relevance": 3.583333333333333,
    "average": 2.3124999999999996
  }
}