{
  "res_id": "RES0198",
  "qid": "Q3",
  "question_type": "diagnostic_reasoning",
  "per_model": {
    "gpt": {
      "correctness": 3.3333333333333335,
      "completeness": 2.0,
      "faithfulness": 2.0,
      "relevance": 3.6666666666666665,
      "average": 2.75
    },
    "claude": {
      "correctness": 2.3333333333333335,
      "completeness": 2.3333333333333335,
      "faithfulness": 2.0,
      "relevance": 3.0,
      "average": 2.4166666666666665
    },
    "gemini": {
      "correctness": 3.6666666666666665,
      "completeness": 2.0,
      "faithfulness": 2.6666666666666665,
      "relevance": 3.3333333333333335,
      "average": 2.9166666666666665
    },
    "grok": {
      "correctness": 3.3333333333333335,
      "completeness": 2.0,
      "faithfulness": 2.0,
      "relevance": 4.0,
      "average": 2.8333333333333335
    }
  },
  "ensemble": {
    "correctness": 3.166666666666667,
    "completeness": 2.0833333333333335,
    "faithfulness": 2.1666666666666665,
    "relevance": 3.5,
    "average": 2.7291666666666665
  }
}