{
  "res_id": "RES0213",
  "qid": "Q1",
  "question_type": "symptom_recall",
  "per_model": {
    "gpt": {
      "correctness": 3.0,
      "completeness": 3.0,
      "faithfulness": 3.0,
      "relevance": 4.666666666666667,
      "average": 3.4166666666666665
    },
    "claude": {
      "correctness": 3.3333333333333335,
      "completeness": 3.0,
      "faithfulness": 3.0,
      "relevance": 4.666666666666667,
      "average": 3.5
    },
    "gemini": {
      "correctness": 4.0,
      "completeness": 3.0,
      "faithfulness": 4.0,
      "relevance": 5.0,
      "average": 4.0
    },
    "grok": {
      "correctness": 4.0,
      "completeness": 4.0,
      "faithfulness": 4.666666666666667,
      "relevance": 5.0,
      "average": 4.416666666666667
    }
  },
  "ensemble": {
    "correctness": 3.5833333333333335,
    "completeness": 3.25,
    "faithfulness": 3.666666666666667,
    "relevance": 4.833333333333334,
    "average": 3.833333333333333
  }
}