{
  "res_id": "RES0198",
  "qid": "Q1",
  "question_type": "symptom_recall",
  "per_model": {
    "gpt": {
      "correctness": 1.6666666666666667,
      "completeness": 1.6666666666666667,
      "faithfulness": 1.6666666666666667,
      "relevance": 4.0,
      "average": 2.25
    },
    "claude": {
      "correctness": 2.0,
      "completeness": 2.0,
      "faithfulness": 2.0,
      "relevance": 3.0,
      "average": 2.25
    },
    "gemini": {
      "correctness": 2.0,
      "completeness": 2.0,
      "faithfulness": 2.0,
      "relevance": 4.333333333333333,
      "average": 2.5833333333333335
    },
    "grok": {
      "correctness": 2.0,
      "completeness": 1.6666666666666667,
      "faithfulness": 2.0,
      "relevance": 5.0,
      "average": 2.6666666666666665
    }
  },
  "ensemble": {
    "correctness": 1.9166666666666667,
    "completeness": 1.8333333333333335,
    "faithfulness": 1.9166666666666667,
    "relevance": 4.083333333333333,
    "average": 2.4375
  }
}