{
  "res_id": "RES0200",
  "qid": "Q2",
  "question_type": "treatment_inventory",
  "per_model": {
    "gpt": {
      "correctness": 2.6666666666666665,
      "completeness": 2.6666666666666665,
      "faithfulness": 3.0,
      "relevance": 4.333333333333333,
      "average": 3.1666666666666665
    },
    "claude": {
      "correctness": 2.3333333333333335,
      "completeness": 3.0,
      "faithfulness": 3.0,
      "relevance": 4.666666666666667,
      "average": 3.25
    },
    "gemini": {
      "correctness": 2.6666666666666665,
      "completeness": 3.3333333333333335,
      "faithfulness": 3.3333333333333335,
      "relevance": 5.0,
      "average": 3.5833333333333335
    },
    "grok": {
      "correctness": 2.0,
      "completeness": 3.0,
      "faithfulness": 2.0,
      "relevance": 4.333333333333333,
      "average": 2.8333333333333335
    }
  },
  "ensemble": {
    "correctness": 2.4166666666666665,
    "completeness": 3.0,
    "faithfulness": 2.8333333333333335,
    "relevance": 4.583333333333333,
    "average": 3.2083333333333335
  }
}