{
  "res_id": "RES0202",
  "qid": "Q5",
  "question_type": "risk_factors",
  "per_model": {
    "gpt": {
      "correctness": 4.0,
      "completeness": 4.0,
      "faithfulness": 4.0,
      "relevance": 5.0,
      "average": 4.25
    },
    "claude": {
      "correctness": 3.0,
      "completeness": 3.3333333333333335,
      "faithfulness": 3.0,
      "relevance": 4.0,
      "average": 3.3333333333333335
    },
    "gemini": {
      "correctness": 5.0,
      "completeness": 4.0,
      "faithfulness": 4.666666666666667,
      "relevance": 5.0,
      "average": 4.666666666666667
    },
    "grok": {
      "correctness": 4.0,
      "completeness": 4.0,
      "faithfulness": 4.666666666666667,
      "relevance": 5.0,
      "average": 4.416666666666667
    }
  },
  "ensemble": {
    "correctness": 4.0,
    "completeness": 3.8333333333333335,
    "faithfulness": 4.083333333333334,
    "relevance": 4.75,
    "average": 4.166666666666667
  }
}