{
  "res_id": "RES0211",
  "qid": "Q4",
  "question_type": "ruled_out",
  "per_model": {
    "gpt": {
      "correctness": 2.0,
      "completeness": 1.3333333333333333,
      "faithfulness": 2.0,
      "relevance": 2.3333333333333335,
      "average": 1.9166666666666667
    },
    "claude": {
      "correctness": 2.0,
      "completeness": 1.0,
      "faithfulness": 2.0,
      "relevance": 2.0,
      "average": 1.75
    },
    "gemini": {
      "correctness": 1.6666666666666667,
      "completeness": 1.3333333333333333,
      "faithfulness": 1.6666666666666667,
      "relevance": 2.6666666666666665,
      "average": 1.8333333333333333
    },
    "grok": {
      "correctness": 1.3333333333333333,
      "completeness": 1.0,
      "faithfulness": 1.3333333333333333,
      "relevance": 2.3333333333333335,
      "average": 1.5
    }
  },
  "ensemble": {
    "correctness": 1.75,
    "completeness": 1.1666666666666665,
    "faithfulness": 1.75,
    "relevance": 2.3333333333333335,
    "average": 1.75
  }
}