{
  "res_id": "RES0211",
  "qid": "Q5",
  "question_type": "risk_factors",
  "per_model": {
    "gpt": {
      "correctness": 2.6666666666666665,
      "completeness": 2.6666666666666665,
      "faithfulness": 2.0,
      "relevance": 3.6666666666666665,
      "average": 2.75
    },
    "claude": {
      "correctness": 2.0,
      "completeness": 2.0,
      "faithfulness": 2.0,
      "relevance": 2.0,
      "average": 2.0
    },
    "gemini": {
      "correctness": 2.0,
      "completeness": 2.3333333333333335,
      "faithfulness": 2.0,
      "relevance": 3.0,
      "average": 2.3333333333333335
    },
    "grok": {
      "correctness": 2.0,
      "completeness": 2.0,
      "faithfulness": 2.0,
      "relevance": 3.6666666666666665,
      "average": 2.4166666666666665
    }
  },
  "ensemble": {
    "correctness": 2.1666666666666665,
    "completeness": 2.25,
    "faithfulness": 2.0,
    "relevance": 3.083333333333333,
    "average": 2.375
  }
}