{
  "res_id": "RES0208",
  "qid": "Q4",
  "question_type": "ruled_out",
  "per_model": {
    "gpt": {
      "correctness": 2.0,
      "completeness": 2.0,
      "faithfulness": 2.0,
      "relevance": 3.0,
      "average": 2.25
    },
    "claude": {
      "correctness": 1.6666666666666667,
      "completeness": 1.3333333333333333,
      "faithfulness": 2.0,
      "relevance": 2.6666666666666665,
      "average": 1.9166666666666667
    },
    "gemini": {
      "correctness": 2.0,
      "completeness": 2.0,
      "faithfulness": 2.0,
      "relevance": 3.6666666666666665,
      "average": 2.4166666666666665
    },
    "grok": {
      "correctness": 2.0,
      "completeness": 2.0,
      "faithfulness": 2.0,
      "relevance": 4.0,
      "average": 2.5
    }
  },
  "ensemble": {
    "correctness": 1.9166666666666667,
    "completeness": 1.8333333333333333,
    "faithfulness": 2.0,
    "relevance": 3.333333333333333,
    "average": 2.2708333333333335
  }
}