{
  "res_id": "RES0207",
  "qid": "Q4",
  "question_type": "ruled_out",
  "per_model": {
    "gpt": {
      "correctness": 2.0,
      "completeness": 1.0,
      "faithfulness": 2.0,
      "relevance": 3.0,
      "average": 2.0
    },
    "claude": {
      "correctness": 2.0,
      "completeness": 1.0,
      "faithfulness": 2.6666666666666665,
      "relevance": 2.0,
      "average": 1.9166666666666667
    },
    "gemini": {
      "correctness": 2.0,
      "completeness": 1.0,
      "faithfulness": 2.0,
      "relevance": 2.3333333333333335,
      "average": 1.8333333333333333
    },
    "grok": {
      "correctness": 2.3333333333333335,
      "completeness": 1.0,
      "faithfulness": 2.0,
      "relevance": 4.0,
      "average": 2.3333333333333335
    }
  },
  "ensemble": {
    "correctness": 2.0833333333333335,
    "completeness": 1.0,
    "faithfulness": 2.1666666666666665,
    "relevance": 2.8333333333333335,
    "average": 2.0208333333333335
  }
}