{
  "res_id": "RES0209",
  "qid": "Q3",
  "question_type": "diagnostic_reasoning",
  "per_model": {
    "gpt": {
      "correctness": 4.0,
      "completeness": 3.0,
      "faithfulness": 3.3333333333333335,
      "relevance": 4.333333333333333,
      "average": 3.6666666666666665
    },
    "claude": {
      "correctness": 4.0,
      "completeness": 3.0,
      "faithfulness": 4.0,
      "relevance": 5.0,
      "average": 4.0
    },
    "gemini": {
      "correctness": 5.0,
      "completeness": 3.0,
      "faithfulness": 5.0,
      "relevance": 4.666666666666667,
      "average": 4.416666666666667
    },
    "grok": {
      "correctness": 4.0,
      "completeness": 3.3333333333333335,
      "faithfulness": 2.3333333333333335,
      "relevance": 5.0,
      "average": 3.6666666666666665
    }
  },
  "ensemble": {
    "correctness": 4.25,
    "completeness": 3.0833333333333335,
    "faithfulness": 3.666666666666667,
    "relevance": 4.75,
    "average": 3.9374999999999996
  }
}