{
  "res_id": "RES0211",
  "qid": "Q3",
  "question_type": "diagnostic_reasoning",
  "per_model": {
    "gpt": {
      "correctness": 3.6666666666666665,
      "completeness": 3.0,
      "faithfulness": 2.6666666666666665,
      "relevance": 4.333333333333333,
      "average": 3.4166666666666665
    },
    "claude": {
      "correctness": 2.3333333333333335,
      "completeness": 3.0,
      "faithfulness": 2.0,
      "relevance": 3.3333333333333335,
      "average": 2.6666666666666665
    },
    "gemini": {
      "correctness": 5.0,
      "completeness": 3.6666666666666665,
      "faithfulness": 4.0,
      "relevance": 5.0,
      "average": 4.416666666666667
    },
    "grok": {
      "correctness": 3.3333333333333335,
      "completeness": 3.6666666666666665,
      "faithfulness": 2.0,
      "relevance": 4.666666666666667,
      "average": 3.4166666666666665
    }
  },
  "ensemble": {
    "correctness": 3.5833333333333335,
    "completeness": 3.333333333333333,
    "faithfulness": 2.6666666666666665,
    "relevance": 4.333333333333333,
    "average": 3.4791666666666665
  }
}