{
  "res_id": "RES0213",
  "qid": "Q5",
  "question_type": "risk_factors",
  "per_model": {
    "gpt": {
      "correctness": 3.3333333333333335,
      "completeness": 3.0,
      "faithfulness": 3.0,
      "relevance": 4.333333333333333,
      "average": 3.4166666666666665
    },
    "claude": {
      "correctness": 5.0,
      "completeness": 5.0,
      "faithfulness": 5.0,
      "relevance": 5.0,
      "average": 5.0
    },
    "gemini": {
      "correctness": 3.6666666666666665,
      "completeness": 3.0,
      "faithfulness": 3.0,
      "relevance": 5.0,
      "average": 3.6666666666666665
    },
    "grok": {
      "correctness": 3.6666666666666665,
      "completeness": 3.6666666666666665,
      "faithfulness": 2.6666666666666665,
      "relevance": 5.0,
      "average": 3.75
    }
  },
  "ensemble": {
    "correctness": 3.9166666666666665,
    "completeness": 3.6666666666666665,
    "faithfulness": 3.4166666666666665,
    "relevance": 4.833333333333333,
    "average": 3.958333333333333
  }
}