{
  "res_id": "RES0213",
  "qid": "Q4",
  "question_type": "ruled_out",
  "per_model": {
    "gpt": {
      "correctness": 3.0,
      "completeness": 1.0,
      "faithfulness": 3.0,
      "relevance": 3.6666666666666665,
      "average": 2.6666666666666665
    },
    "claude": {
      "correctness": 2.0,
      "completeness": 1.0,
      "faithfulness": 3.3333333333333335,
      "relevance": 3.0,
      "average": 2.3333333333333335
    },
    "gemini": {
      "correctness": 2.0,
      "completeness": 1.0,
      "faithfulness": 2.0,
      "relevance": 4.0,
      "average": 2.25
    },
    "grok": {
      "correctness": 3.3333333333333335,
      "completeness": 2.0,
      "faithfulness": 3.6666666666666665,
      "relevance": 5.0,
      "average": 3.5
    }
  },
  "ensemble": {
    "correctness": 2.5833333333333335,
    "completeness": 1.25,
    "faithfulness": 3.0,
    "relevance": 3.9166666666666665,
    "average": 2.6875
  }
}