{
  "res_id": "RES0201",
  "qid": "Q5",
  "question_type": "risk_factors",
  "per_model": {
    "gpt": {
      "correctness": 4.0,
      "completeness": 3.3333333333333335,
      "faithfulness": 3.0,
      "relevance": 5.0,
      "average": 3.8333333333333335
    },
    "claude": {
      "correctness": 4.0,
      "completeness": 3.0,
      "faithfulness": 3.6666666666666665,
      "relevance": 4.666666666666667,
      "average": 3.8333333333333335
    },
    "gemini": {
      "correctness": 5.0,
      "completeness": 3.3333333333333335,
      "faithfulness": 4.0,
      "relevance": 5.0,
      "average": 4.333333333333333
    },
    "grok": {
      "correctness": 4.333333333333333,
      "completeness": 4.0,
      "faithfulness": 3.0,
      "relevance": 5.0,
      "average": 4.083333333333333
    }
  },
  "ensemble": {
    "correctness": 4.333333333333333,
    "completeness": 3.416666666666667,
    "faithfulness": 3.4166666666666665,
    "relevance": 4.916666666666667,
    "average": 4.020833333333333
  }
}