{
  "res_id": "RES0203",
  "qid": "Q5",
  "question_type": "risk_factors",
  "per_model": {
    "gpt": {
      "correctness": 4.0,
      "completeness": 3.6666666666666665,
      "faithfulness": 3.0,
      "relevance": 4.333333333333333,
      "average": 3.75
    },
    "claude": {
      "correctness": 2.6666666666666665,
      "completeness": 2.0,
      "faithfulness": 2.0,
      "relevance": 4.0,
      "average": 2.6666666666666665
    },
    "gemini": {
      "correctness": 4.0,
      "completeness": 2.3333333333333335,
      "faithfulness": 2.3333333333333335,
      "relevance": 5.0,
      "average": 3.4166666666666665
    },
    "grok": {
      "correctness": 3.3333333333333335,
      "completeness": 2.0,
      "faithfulness": 2.0,
      "relevance": 4.0,
      "average": 2.8333333333333335
    }
  },
  "ensemble": {
    "correctness": 3.5,
    "completeness": 2.5,
    "faithfulness": 2.3333333333333335,
    "relevance": 4.333333333333333,
    "average": 3.1666666666666665
  }
}