{
  "res_id": "RES0203",
  "qid": "Q2",
  "question_type": "treatment_inventory",
  "per_model": {
    "gpt": {
      "correctness": 3.3333333333333335,
      "completeness": 3.0,
      "faithfulness": 3.3333333333333335,
      "relevance": 4.0,
      "average": 3.4166666666666665
    },
    "claude": {
      "correctness": 2.0,
      "completeness": 3.0,
      "faithfulness": 2.0,
      "relevance": 3.0,
      "average": 2.5
    },
    "gemini": {
      "correctness": 4.666666666666667,
      "completeness": 3.0,
      "faithfulness": 4.666666666666667,
      "relevance": 4.0,
      "average": 4.083333333333333
    },
    "grok": {
      "correctness": 3.6666666666666665,
      "completeness": 3.6666666666666665,
      "faithfulness": 3.6666666666666665,
      "relevance": 4.333333333333333,
      "average": 3.8333333333333335
    }
  },
  "ensemble": {
    "correctness": 3.4166666666666665,
    "completeness": 3.1666666666666665,
    "faithfulness": 3.4166666666666665,
    "relevance": 3.833333333333333,
    "average": 3.4583333333333335
  }
}