{
  "res_id": "RES0204",
  "qid": "Q7",
  "question_type": "temporal_progression",
  "per_model": {
    "gpt": {
      "correctness": 3.6666666666666665,
      "completeness": 3.0,
      "faithfulness": 3.6666666666666665,
      "relevance": 4.0,
      "average": 3.5833333333333335
    },
    "claude": {
      "correctness": 2.6666666666666665,
      "completeness": 2.6666666666666665,
      "faithfulness": 3.0,
      "relevance": 3.0,
      "average": 2.8333333333333335
    },
    "gemini": {
      "correctness": 5.0,
      "completeness": 4.0,
      "faithfulness": 5.0,
      "relevance": 5.0,
      "average": 4.75
    },
    "grok": {
      "correctness": 3.3333333333333335,
      "completeness": 3.0,
      "faithfulness": 3.6666666666666665,
      "relevance": 4.666666666666667,
      "average": 3.6666666666666665
    }
  },
  "ensemble": {
    "correctness": 3.6666666666666665,
    "completeness": 3.1666666666666665,
    "faithfulness": 3.833333333333333,
    "relevance": 4.166666666666667,
    "average": 3.7083333333333335
  }
}