{
  "res_id": "RES0215",
  "qid": "Q6",
  "question_type": "clinical_plan",
  "per_model": {
    "gpt": {
      "correctness": 4.333333333333333,
      "completeness": 2.0,
      "faithfulness": 5.0,
      "relevance": 4.333333333333333,
      "average": 3.9166666666666665
    },
    "claude": {
      "correctness": 3.0,
      "completeness": 2.0,
      "faithfulness": 4.0,
      "relevance": 3.3333333333333335,
      "average": 3.0833333333333335
    },
    "gemini": {
      "correctness": 5.0,
      "completeness": 2.3333333333333335,
      "faithfulness": 5.0,
      "relevance": 5.0,
      "average": 4.333333333333333
    },
    "grok": {
      "correctness": 4.666666666666667,
      "completeness": 2.3333333333333335,
      "faithfulness": 5.0,
      "relevance": 5.0,
      "average": 4.25
    }
  },
  "ensemble": {
    "correctness": 4.25,
    "completeness": 2.166666666666667,
    "faithfulness": 4.75,
    "relevance": 4.416666666666666,
    "average": 3.895833333333333
  }
}