{
  "res_id": "RES0213",
  "qid": "Q6",
  "question_type": "clinical_plan",
  "per_model": {
    "gpt": {
      "correctness": 2.0,
      "completeness": 2.3333333333333335,
      "faithfulness": 2.0,
      "relevance": 3.0,
      "average": 2.3333333333333335
    },
    "claude": {
      "correctness": 2.0,
      "completeness": 2.0,
      "faithfulness": 2.0,
      "relevance": 2.6666666666666665,
      "average": 2.1666666666666665
    },
    "gemini": {
      "correctness": 2.0,
      "completeness": 2.0,
      "faithfulness": 1.5,
      "relevance": 2.5,
      "average": 2.0
    },
    "grok": {
      "correctness": 1.6666666666666667,
      "completeness": 2.0,
      "faithfulness": 2.0,
      "relevance": 3.0,
      "average": 2.1666666666666665
    }
  },
  "ensemble": {
    "correctness": 1.9166666666666667,
    "completeness": 2.0833333333333335,
    "faithfulness": 1.875,
    "relevance": 2.7916666666666665,
    "average": 2.1666666666666665
  }
}