{
  "res_id": "RES0205",
  "qid": "Q1",
  "question_type": "symptom_recall",
  "per_model": {
    "gpt": {
      "correctness": 4.333333333333333,
      "completeness": 2.3333333333333335,
      "faithfulness": 5.0,
      "relevance": 4.0,
      "average": 3.9166666666666665
    },
    "claude": {
      "correctness": 2.6666666666666665,
      "completeness": 2.3333333333333335,
      "faithfulness": 3.6666666666666665,
      "relevance": 3.3333333333333335,
      "average": 3.0
    },
    "gemini": {
      "correctness": 5.0,
      "completeness": 3.0,
      "faithfulness": 5.0,
      "relevance": 4.333333333333333,
      "average": 4.333333333333333
    },
    "grok": {
      "correctness": 3.6666666666666665,
      "completeness": 3.3333333333333335,
      "faithfulness": 5.0,
      "relevance": 4.0,
      "average": 4.0
    }
  },
  "ensemble": {
    "correctness": 3.9166666666666665,
    "completeness": 2.75,
    "faithfulness": 4.666666666666666,
    "relevance": 3.916666666666667,
    "average": 3.8125
  }
}