{
  "res_id": "RES0215",
  "qid": "Q2",
  "question_type": "treatment_inventory",
  "per_model": {
    "gpt": {
      "correctness": 5.0,
      "completeness": 3.0,
      "faithfulness": 5.0,
      "relevance": 4.333333333333333,
      "average": 4.333333333333333
    },
    "claude": {
      "correctness": 5.0,
      "completeness": 3.0,
      "faithfulness": 4.666666666666667,
      "relevance": 5.0,
      "average": 4.416666666666667
    },
    "gemini": {
      "correctness": 5.0,
      "completeness": 3.0,
      "faithfulness": 5.0,
      "relevance": 4.666666666666667,
      "average": 4.416666666666667
    },
    "grok": {
      "correctness": 4.333333333333333,
      "completeness": 3.0,
      "faithfulness": 3.6666666666666665,
      "relevance": 4.333333333333333,
      "average": 3.8333333333333335
    }
  },
  "ensemble": {
    "correctness": 4.833333333333333,
    "completeness": 3.0,
    "faithfulness": 4.583333333333334,
    "relevance": 4.583333333333333,
    "average": 4.25
  }
}