{
  "res_id": "RES0203",
  "qid": "Q4",
  "question_type": "ruled_out",
  "per_model": {
    "gpt": {
      "correctness": 3.0,
      "completeness": 3.0,
      "faithfulness": 2.3333333333333335,
      "relevance": 4.0,
      "average": 3.0833333333333335
    },
    "claude": {
      "correctness": 2.0,
      "completeness": 3.0,
      "faithfulness": 2.0,
      "relevance": 3.0,
      "average": 2.5
    },
    "gemini": {
      "correctness": 2.3333333333333335,
      "completeness": 3.0,
      "faithfulness": 2.0,
      "relevance": 4.666666666666667,
      "average": 3.0
    },
    "grok": {
      "correctness": 2.0,
      "completeness": 3.0,
      "faithfulness": 2.0,
      "relevance": 4.0,
      "average": 2.75
    }
  },
  "ensemble": {
    "correctness": 2.3333333333333335,
    "completeness": 3.0,
    "faithfulness": 2.0833333333333335,
    "relevance": 3.916666666666667,
    "average": 2.8333333333333335
  }
}