{
  "res_id": "RES0199",
  "qid": "Q4",
  "question_type": "ruled_out",
  "per_model": {
    "gpt": {
      "correctness": 5.0,
      "completeness": 4.333333333333333,
      "faithfulness": 3.6666666666666665,
      "relevance": 4.666666666666667,
      "average": 4.416666666666667
    },
    "claude": {
      "correctness": 5.0,
      "completeness": 4.0,
      "faithfulness": 4.666666666666667,
      "relevance": 5.0,
      "average": 4.666666666666667
    },
    "gemini": {
      "correctness": 5.0,
      "completeness": 4.333333333333333,
      "faithfulness": 4.666666666666667,
      "relevance": 5.0,
      "average": 4.75
    },
    "grok": {
      "correctness": 5.0,
      "completeness": 3.3333333333333335,
      "faithfulness": 2.6666666666666665,
      "relevance": 4.666666666666667,
      "average": 3.9166666666666665
    }
  },
  "ensemble": {
    "correctness": 5.0,
    "completeness": 3.9999999999999996,
    "faithfulness": 3.9166666666666665,
    "relevance": 4.833333333333334,
    "average": 4.4375
  }
}