{
  "res_id": "RES0202",
  "qid": "Q1",
  "question_type": "symptom_recall",
  "per_model": {
    "gpt": {
      "correctness": 1.6666666666666667,
      "completeness": 2.0,
      "faithfulness": 2.0,
      "relevance": 3.3333333333333335,
      "average": 2.25
    },
    "claude": {
      "correctness": 2.0,
      "completeness": 2.0,
      "faithfulness": 2.0,
      "relevance": 2.3333333333333335,
      "average": 2.0833333333333335
    },
    "gemini": {
      "correctness": 1.6666666666666667,
      "completeness": 2.3333333333333335,
      "faithfulness": 1.6666666666666667,
      "relevance": 4.666666666666667,
      "average": 2.5833333333333335
    },
    "grok": {
      "correctness": 2.0,
      "completeness": 2.3333333333333335,
      "faithfulness": 2.0,
      "relevance": 4.0,
      "average": 2.5833333333333335
    }
  },
  "ensemble": {
    "correctness": 1.8333333333333335,
    "completeness": 2.166666666666667,
    "faithfulness": 1.9166666666666667,
    "relevance": 3.5833333333333335,
    "average": 2.3750000000000004
  }
}