{
  "res_id": "RES0205",
  "qid": "Q5",
  "question_type": "risk_factors",
  "per_model": {
    "gpt": {
      "correctness": 2.6666666666666665,
      "completeness": 3.0,
      "faithfulness": 2.0,
      "relevance": 4.666666666666667,
      "average": 3.0833333333333335
    },
    "claude": {
      "correctness": 3.0,
      "completeness": 3.0,
      "faithfulness": 2.6666666666666665,
      "relevance": 4.0,
      "average": 3.1666666666666665
    },
    "gemini": {
      "correctness": 2.6666666666666665,
      "completeness": 4.0,
      "faithfulness": 2.0,
      "relevance": 5.0,
      "average": 3.4166666666666665
    },
    "grok": {
      "correctness": 2.6666666666666665,
      "completeness": 3.3333333333333335,
      "faithfulness": 2.3333333333333335,
      "relevance": 5.0,
      "average": 3.3333333333333335
    }
  },
  "ensemble": {
    "correctness": 2.7499999999999996,
    "completeness": 3.3333333333333335,
    "faithfulness": 2.25,
    "relevance": 4.666666666666667,
    "average": 3.25
  }
}