{
  "res_id": "RES0199",
  "qid": "Q1",
  "question_type": "symptom_recall",
  "per_model": {
    "gpt": {
      "correctness": 2.0,
      "completeness": 1.6666666666666667,
      "faithfulness": 2.0,
      "relevance": 4.333333333333333,
      "average": 2.5
    },
    "claude": {
      "correctness": 2.0,
      "completeness": 2.0,
      "faithfulness": 2.0,
      "relevance": 3.0,
      "average": 2.25
    },
    "gemini": {
      "correctness": 1.6666666666666667,
      "completeness": 2.0,
      "faithfulness": 2.0,
      "relevance": 5.0,
      "average": 2.6666666666666665
    },
    "grok": {
      "correctness": 2.0,
      "completeness": 2.0,
      "faithfulness": 2.0,
      "relevance": 4.666666666666667,
      "average": 2.6666666666666665
    }
  },
  "ensemble": {
    "correctness": 1.9166666666666667,
    "completeness": 1.9166666666666667,
    "faithfulness": 2.0,
    "relevance": 4.25,
    "average": 2.520833333333333
  }
}