{
  "res_id": "RES0216",
  "qid": "Q6",
  "question_type": "clinical_plan",
  "per_model": {
    "gpt": {
      "correctness": 2.6666666666666665,
      "completeness": 3.3333333333333335,
      "faithfulness": 2.6666666666666665,
      "relevance": 5.0,
      "average": 3.4166666666666665
    },
    "claude": {
      "correctness": 2.0,
      "completeness": 3.0,
      "faithfulness": 2.0,
      "relevance": 4.666666666666667,
      "average": 2.9166666666666665
    },
    "gemini": {
      "correctness": 3.3333333333333335,
      "completeness": 4.0,
      "faithfulness": 3.3333333333333335,
      "relevance": 5.0,
      "average": 3.9166666666666665
    },
    "grok": {
      "correctness": 2.0,
      "completeness": 3.0,
      "faithfulness": 2.0,
      "relevance": 5.0,
      "average": 3.0
    }
  },
  "ensemble": {
    "correctness": 2.5,
    "completeness": 3.3333333333333335,
    "faithfulness": 2.5,
    "relevance": 4.916666666666667,
    "average": 3.3125
  }
}