{
  "res_id": "RES0216",
  "qid": "Q5",
  "question_type": "risk_factors",
  "per_model": {
    "gpt": {
      "correctness": 3.6666666666666665,
      "completeness": 3.0,
      "faithfulness": 3.0,
      "relevance": 5.0,
      "average": 3.6666666666666665
    },
    "claude": {
      "correctness": 4.0,
      "completeness": 3.0,
      "faithfulness": 4.0,
      "relevance": 4.333333333333333,
      "average": 3.8333333333333335
    },
    "gemini": {
      "correctness": 4.0,
      "completeness": 4.0,
      "faithfulness": 3.6666666666666665,
      "relevance": 5.0,
      "average": 4.166666666666667
    },
    "grok": {
      "correctness": 4.0,
      "completeness": 3.6666666666666665,
      "faithfulness": 3.6666666666666665,
      "relevance": 5.0,
      "average": 4.083333333333333
    }
  },
  "ensemble": {
    "correctness": 3.9166666666666665,
    "completeness": 3.4166666666666665,
    "faithfulness": 3.583333333333333,
    "relevance": 4.833333333333333,
    "average": 3.9375
  }
}