{
  "res_id": "RES0215",
  "qid": "Q1",
  "question_type": "symptom_recall",
  "per_model": {
    "gpt": {
      "correctness": 3.0,
      "completeness": 3.0,
      "faithfulness": 4.666666666666667,
      "relevance": 5.0,
      "average": 3.9166666666666665
    },
    "claude": {
      "correctness": 4.0,
      "completeness": 3.0,
      "faithfulness": 5.0,
      "relevance": 5.0,
      "average": 4.25
    },
    "gemini": {
      "correctness": 4.333333333333333,
      "completeness": 3.3333333333333335,
      "faithfulness": 5.0,
      "relevance": 5.0,
      "average": 4.416666666666667
    },
    "grok": {
      "correctness": 3.0,
      "completeness": 3.0,
      "faithfulness": 5.0,
      "relevance": 5.0,
      "average": 4.0
    }
  },
  "ensemble": {
    "correctness": 3.583333333333333,
    "completeness": 3.0833333333333335,
    "faithfulness": 4.916666666666667,
    "relevance": 5.0,
    "average": 4.145833333333333
  }
}