{
  "res_id": "RES0210",
  "qid": "Q6",
  "question_type": "clinical_plan",
  "per_model": {
    "gpt": {
      "correctness": 2.0,
      "completeness": 2.0,
      "faithfulness": 2.0,
      "relevance": 3.3333333333333335,
      "average": 2.3333333333333335
    },
    "claude": {
      "correctness": 2.0,
      "completeness": 2.0,
      "faithfulness": 2.0,
      "relevance": 3.0,
      "average": 2.25
    },
    "gemini": {
      "correctness": 1.6666666666666667,
      "completeness": 2.3333333333333335,
      "faithfulness": 1.0,
      "relevance": 2.6666666666666665,
      "average": 1.9166666666666667
    },
    "grok": {
      "correctness": 2.0,
      "completeness": 2.0,
      "faithfulness": 1.6666666666666667,
      "relevance": 4.0,
      "average": 2.4166666666666665
    }
  },
  "ensemble": {
    "correctness": 1.9166666666666667,
    "completeness": 2.0833333333333335,
    "faithfulness": 1.6666666666666667,
    "relevance": 3.25,
    "average": 2.229166666666667
  }
}