{
  "res_id": "RES0198",
  "qid": "Q5",
  "question_type": "risk_factors",
  "per_model": {
    "gpt": {
      "correctness": 2.0,
      "completeness": 1.3333333333333333,
      "faithfulness": 3.0,
      "relevance": 3.0,
      "average": 2.3333333333333335
    },
    "claude": {
      "correctness": 2.0,
      "completeness": 2.0,
      "faithfulness": 2.6666666666666665,
      "relevance": 2.0,
      "average": 2.1666666666666665
    },
    "gemini": {
      "correctness": 1.3333333333333333,
      "completeness": 1.3333333333333333,
      "faithfulness": 1.6666666666666667,
      "relevance": 2.3333333333333335,
      "average": 1.6666666666666667
    },
    "grok": {
      "correctness": 1.6666666666666667,
      "completeness": 1.3333333333333333,
      "faithfulness": 2.6666666666666665,
      "relevance": 2.3333333333333335,
      "average": 2.0
    }
  },
  "ensemble": {
    "correctness": 1.75,
    "completeness": 1.4999999999999998,
    "faithfulness": 2.5,
    "relevance": 2.416666666666667,
    "average": 2.041666666666667
  }
}