{
  "res_id": "RES0208",
  "qid": "Q4",
  "question_type": "ruled_out",
  "per_model": {
    "gpt": {
      "correctness": 1.6666666666666667,
      "completeness": 1.3333333333333333,
      "faithfulness": 1.3333333333333333,
      "relevance": 3.0,
      "average": 1.8333333333333333
    },
    "claude": {
      "correctness": 1.6666666666666667,
      "completeness": 1.6666666666666667,
      "faithfulness": 1.6666666666666667,
      "relevance": 2.3333333333333335,
      "average": 1.8333333333333333
    },
    "gemini": {
      "correctness": 1.0,
      "completeness": 2.0,
      "faithfulness": 1.0,
      "relevance": 2.6666666666666665,
      "average": 1.6666666666666667
    },
    "grok": {
      "correctness": 1.3333333333333333,
      "completeness": 1.3333333333333333,
      "faithfulness": 1.3333333333333333,
      "relevance": 3.3333333333333335,
      "average": 1.8333333333333333
    }
  },
  "ensemble": {
    "correctness": 1.4166666666666667,
    "completeness": 1.5833333333333333,
    "faithfulness": 1.3333333333333333,
    "relevance": 2.8333333333333335,
    "average": 1.7916666666666665
  }
}