{
  "res_id": "RES0212",
  "qid": "Q2",
  "question_type": "treatment_inventory",
  "per_model": {
    "gpt": {
      "correctness": 3.0,
      "completeness": 2.0,
      "faithfulness": 3.0,
      "relevance": 3.3333333333333335,
      "average": 2.8333333333333335
    },
    "claude": {
      "correctness": 2.0,
      "completeness": 1.3333333333333333,
      "faithfulness": 3.3333333333333335,
      "relevance": 2.3333333333333335,
      "average": 2.25
    },
    "gemini": {
      "correctness": 4.333333333333333,
      "completeness": 2.0,
      "faithfulness": 5.0,
      "relevance": 3.6666666666666665,
      "average": 3.75
    },
    "grok": {
      "correctness": 4.0,
      "completeness": 2.0,
      "faithfulness": 4.0,
      "relevance": 3.6666666666666665,
      "average": 3.4166666666666665
    }
  },
  "ensemble": {
    "correctness": 3.333333333333333,
    "completeness": 1.8333333333333333,
    "faithfulness": 3.8333333333333335,
    "relevance": 3.25,
    "average": 3.0625
  }
}