{
  "res_id": "RES0207",
  "qid": "Q3",
  "question_type": "diagnostic_reasoning",
  "per_model": {
    "gpt": {
      "correctness": 4.0,
      "completeness": 3.0,
      "faithfulness": 3.6666666666666665,
      "relevance": 5.0,
      "average": 3.9166666666666665
    },
    "claude": {
      "correctness": 4.0,
      "completeness": 3.0,
      "faithfulness": 4.333333333333333,
      "relevance": 5.0,
      "average": 4.083333333333333
    },
    "gemini": {
      "correctness": 5.0,
      "completeness": 3.0,
      "faithfulness": 4.0,
      "relevance": 5.0,
      "average": 4.25
    },
    "grok": {
      "correctness": 4.0,
      "completeness": 3.3333333333333335,
      "faithfulness": 3.3333333333333335,
      "relevance": 5.0,
      "average": 3.9166666666666665
    }
  },
  "ensemble": {
    "correctness": 4.25,
    "completeness": 3.0833333333333335,
    "faithfulness": 3.8333333333333335,
    "relevance": 5.0,
    "average": 4.041666666666667
  }
}