{
  "res_id": "RES0202",
  "qid": "Q1",
  "question_type": "symptom_recall",
  "per_model": {
    "gpt": {
      "correctness": 1.3333333333333333,
      "completeness": 2.0,
      "faithfulness": 1.6666666666666667,
      "relevance": 3.0,
      "average": 2.0
    },
    "claude": {
      "correctness": 2.0,
      "completeness": 2.0,
      "faithfulness": 2.0,
      "relevance": 2.0,
      "average": 2.0
    },
    "gemini": {
      "correctness": 1.3333333333333333,
      "completeness": 2.0,
      "faithfulness": 1.3333333333333333,
      "relevance": 2.6666666666666665,
      "average": 1.8333333333333333
    },
    "grok": {
      "correctness": 2.0,
      "completeness": 2.0,
      "faithfulness": 2.0,
      "relevance": 4.0,
      "average": 2.5
    }
  },
  "ensemble": {
    "correctness": 1.6666666666666665,
    "completeness": 2.0,
    "faithfulness": 1.75,
    "relevance": 2.9166666666666665,
    "average": 2.083333333333333
  }
}