{
  "res_id": "RES0201",
  "qid": "Q2",
  "question_type": "treatment_inventory",
  "per_model": {
    "gpt": {
      "correctness": 2.3333333333333335,
      "completeness": 2.0,
      "faithfulness": 2.6666666666666665,
      "relevance": 4.0,
      "average": 2.75
    },
    "claude": {
      "correctness": 2.0,
      "completeness": 3.0,
      "faithfulness": 2.3333333333333335,
      "relevance": 4.333333333333333,
      "average": 2.9166666666666665
    },
    "gemini": {
      "correctness": 2.3333333333333335,
      "completeness": 3.0,
      "faithfulness": 3.0,
      "relevance": 5.0,
      "average": 3.3333333333333335
    },
    "grok": {
      "correctness": 2.0,
      "completeness": 2.3333333333333335,
      "faithfulness": 3.0,
      "relevance": 4.666666666666667,
      "average": 3.0
    }
  },
  "ensemble": {
    "correctness": 2.166666666666667,
    "completeness": 2.5833333333333335,
    "faithfulness": 2.75,
    "relevance": 4.5,
    "average": 3.0
  }
}