{
  "res_id": "RES0214",
  "qid": "Q3",
  "question_type": "diagnostic_reasoning",
  "per_model": {
    "gpt": {
      "correctness": 4.0,
      "completeness": 3.0,
      "faithfulness": 3.0,
      "relevance": 4.666666666666667,
      "average": 3.6666666666666665
    },
    "claude": {
      "correctness": 3.3333333333333335,
      "completeness": 3.0,
      "faithfulness": 3.0,
      "relevance": 4.666666666666667,
      "average": 3.5
    },
    "gemini": {
      "correctness": 4.0,
      "completeness": 3.3333333333333335,
      "faithfulness": 4.0,
      "relevance": 5.0,
      "average": 4.083333333333333
    },
    "grok": {
      "correctness": 3.0,
      "completeness": 3.0,
      "faithfulness": 2.0,
      "relevance": 5.0,
      "average": 3.25
    }
  },
  "ensemble": {
    "correctness": 3.5833333333333335,
    "completeness": 3.0833333333333335,
    "faithfulness": 3.0,
    "relevance": 4.833333333333334,
    "average": 3.625
  }
}