{
  "res_id": "RES0199",
  "qid": "Q5",
  "question_type": "risk_factors",
  "per_model": {
    "gpt": {
      "correctness": 1.0,
      "completeness": 1.0,
      "faithfulness": 1.3333333333333333,
      "relevance": 3.6666666666666665,
      "average": 1.75
    },
    "claude": {
      "correctness": 1.0,
      "completeness": 1.0,
      "faithfulness": 1.0,
      "relevance": 2.0,
      "average": 1.25
    },
    "gemini": {
      "correctness": 1.0,
      "completeness": 1.0,
      "faithfulness": 1.0,
      "relevance": 1.3333333333333333,
      "average": 1.0833333333333333
    },
    "grok": {
      "correctness": 1.0,
      "completeness": 1.0,
      "faithfulness": 1.0,
      "relevance": 4.666666666666667,
      "average": 1.9166666666666667
    }
  },
  "ensemble": {
    "correctness": 1.0,
    "completeness": 1.0,
    "faithfulness": 1.0833333333333333,
    "relevance": 2.9166666666666665,
    "average": 1.5
  }
}