{
  "res_id": "RES0208",
  "qid": "Q7",
  "question_type": "temporal_progression",
  "per_model": {
    "gpt": {
      "correctness": 3.0,
      "completeness": 3.0,
      "faithfulness": 3.0,
      "relevance": 4.666666666666667,
      "average": 3.4166666666666665
    },
    "claude": {
      "correctness": 3.6666666666666665,
      "completeness": 3.0,
      "faithfulness": 4.0,
      "relevance": 4.666666666666667,
      "average": 3.8333333333333335
    },
    "gemini": {
      "correctness": 4.666666666666667,
      "completeness": 3.3333333333333335,
      "faithfulness": 4.666666666666667,
      "relevance": 5.0,
      "average": 4.416666666666667
    },
    "grok": {
      "correctness": 4.333333333333333,
      "completeness": 4.0,
      "faithfulness": 4.666666666666667,
      "relevance": 5.0,
      "average": 4.5
    }
  },
  "ensemble": {
    "correctness": 3.916666666666666,
    "completeness": 3.3333333333333335,
    "faithfulness": 4.083333333333334,
    "relevance": 4.833333333333334,
    "average": 4.041666666666667
  }
}