{
  "res_id": "RES0199",
  "qid": "Q3",
  "question_type": "diagnostic_reasoning",
  "per_model": {
    "gpt": {
      "correctness": 3.6666666666666665,
      "completeness": 3.3333333333333335,
      "faithfulness": 3.0,
      "relevance": 4.666666666666667,
      "average": 3.6666666666666665
    },
    "claude": {
      "correctness": 3.0,
      "completeness": 3.0,
      "faithfulness": 2.3333333333333335,
      "relevance": 5.0,
      "average": 3.3333333333333335
    },
    "gemini": {
      "correctness": 4.666666666666667,
      "completeness": 3.6666666666666665,
      "faithfulness": 4.0,
      "relevance": 5.0,
      "average": 4.333333333333333
    },
    "grok": {
      "correctness": 4.0,
      "completeness": 3.0,
      "faithfulness": 2.0,
      "relevance": 5.0,
      "average": 3.5
    }
  },
  "ensemble": {
    "correctness": 3.833333333333333,
    "completeness": 3.25,
    "faithfulness": 2.8333333333333335,
    "relevance": 4.916666666666667,
    "average": 3.708333333333333
  }
}