{
  "res_id": "RES0201",
  "qid": "Q5",
  "question_type": "risk_factors",
  "per_model": {
    "gpt": {
      "correctness": 3.3333333333333335,
      "completeness": 3.0,
      "faithfulness": 2.3333333333333335,
      "relevance": 4.666666666666667,
      "average": 3.3333333333333335
    },
    "claude": {
      "correctness": 2.6666666666666665,
      "completeness": 3.0,
      "faithfulness": 2.0,
      "relevance": 3.3333333333333335,
      "average": 2.75
    },
    "gemini": {
      "correctness": 4.0,
      "completeness": 3.3333333333333335,
      "faithfulness": 3.0,
      "relevance": 5.0,
      "average": 3.8333333333333335
    },
    "grok": {
      "correctness": 3.6666666666666665,
      "completeness": 3.0,
      "faithfulness": 2.0,
      "relevance": 4.666666666666667,
      "average": 3.3333333333333335
    }
  },
  "ensemble": {
    "correctness": 3.4166666666666665,
    "completeness": 3.0833333333333335,
    "faithfulness": 2.3333333333333335,
    "relevance": 4.416666666666667,
    "average": 3.3125000000000004
  }
}