{
  "res_id": "RES0202",
  "qid": "Q2",
  "question_type": "treatment_inventory",
  "per_model": {
    "gpt": {
      "correctness": 5.0,
      "completeness": 2.6666666666666665,
      "faithfulness": 5.0,
      "relevance": 5.0,
      "average": 4.416666666666667
    },
    "claude": {
      "correctness": 4.666666666666667,
      "completeness": 2.0,
      "faithfulness": 5.0,
      "relevance": 4.666666666666667,
      "average": 4.083333333333333
    },
    "gemini": {
      "correctness": 5.0,
      "completeness": 3.3333333333333335,
      "faithfulness": 5.0,
      "relevance": 5.0,
      "average": 4.583333333333333
    },
    "grok": {
      "correctness": 5.0,
      "completeness": 2.3333333333333335,
      "faithfulness": 5.0,
      "relevance": 5.0,
      "average": 4.333333333333333
    }
  },
  "ensemble": {
    "correctness": 4.916666666666667,
    "completeness": 2.5833333333333335,
    "faithfulness": 5.0,
    "relevance": 4.916666666666667,
    "average": 4.354166666666666
  }
}