{
  "res_id": "RES0204",
  "qid": "Q1",
  "question_type": "symptom_recall",
  "per_model": {
    "gpt": {
      "correctness": 1.3333333333333333,
      "completeness": 1.0,
      "faithfulness": 2.0,
      "relevance": 3.3333333333333335,
      "average": 1.9166666666666667
    },
    "claude": {
      "correctness": 1.6666666666666667,
      "completeness": 1.6666666666666667,
      "faithfulness": 1.6666666666666667,
      "relevance": 2.3333333333333335,
      "average": 1.8333333333333333
    },
    "gemini": {
      "correctness": 1.6666666666666667,
      "completeness": 1.3333333333333333,
      "faithfulness": 1.3333333333333333,
      "relevance": 3.0,
      "average": 1.8333333333333333
    },
    "grok": {
      "correctness": 2.0,
      "completeness": 1.6666666666666667,
      "faithfulness": 2.0,
      "relevance": 4.0,
      "average": 2.4166666666666665
    }
  },
  "ensemble": {
    "correctness": 1.6666666666666667,
    "completeness": 1.4166666666666667,
    "faithfulness": 1.75,
    "relevance": 3.166666666666667,
    "average": 2.0
  }
}