{
  "res_id": "RES0205",
  "qid": "Q3",
  "question_type": "diagnostic_reasoning",
  "per_model": {
    "gpt": {
      "correctness": 4.666666666666667,
      "completeness": 4.0,
      "faithfulness": 4.666666666666667,
      "relevance": 5.0,
      "average": 4.583333333333333
    },
    "claude": {
      "correctness": 4.666666666666667,
      "completeness": 3.3333333333333335,
      "faithfulness": 5.0,
      "relevance": 5.0,
      "average": 4.5
    },
    "gemini": {
      "correctness": 5.0,
      "completeness": 4.0,
      "faithfulness": 5.0,
      "relevance": 5.0,
      "average": 4.75
    },
    "grok": {
      "correctness": 5.0,
      "completeness": 4.0,
      "faithfulness": 5.0,
      "relevance": 5.0,
      "average": 4.75
    }
  },
  "ensemble": {
    "correctness": 4.833333333333334,
    "completeness": 3.8333333333333335,
    "faithfulness": 4.916666666666667,
    "relevance": 5.0,
    "average": 4.645833333333333
  }
}