{
  "res_id": "RES0216",
  "qid": "Q2",
  "question_type": "treatment_inventory",
  "per_model": {
    "gpt": {
      "correctness": 3.6666666666666665,
      "completeness": 2.0,
      "faithfulness": 3.3333333333333335,
      "relevance": 4.0,
      "average": 3.25
    },
    "claude": {
      "correctness": 2.0,
      "completeness": 2.3333333333333335,
      "faithfulness": 3.0,
      "relevance": 3.0,
      "average": 2.5833333333333335
    },
    "gemini": {
      "correctness": 4.666666666666667,
      "completeness": 2.3333333333333335,
      "faithfulness": 4.666666666666667,
      "relevance": 4.0,
      "average": 3.9166666666666665
    },
    "grok": {
      "correctness": 3.0,
      "completeness": 2.6666666666666665,
      "faithfulness": 3.0,
      "relevance": 4.0,
      "average": 3.1666666666666665
    }
  },
  "ensemble": {
    "correctness": 3.333333333333333,
    "completeness": 2.3333333333333335,
    "faithfulness": 3.5,
    "relevance": 3.75,
    "average": 3.2291666666666665
  }
}