{
  "res_id": "RES0198",
  "qid": "Q7",
  "question_type": "temporal_progression",
  "per_model": {
    "gpt": {
      "correctness": 2.6666666666666665,
      "completeness": 3.0,
      "faithfulness": 3.0,
      "relevance": 5.0,
      "average": 3.4166666666666665
    },
    "claude": {
      "correctness": 2.0,
      "completeness": 3.0,
      "faithfulness": 2.6666666666666665,
      "relevance": 4.666666666666667,
      "average": 3.0833333333333335
    },
    "gemini": {
      "correctness": 3.0,
      "completeness": 3.0,
      "faithfulness": 4.666666666666667,
      "relevance": 5.0,
      "average": 3.9166666666666665
    },
    "grok": {
      "correctness": 2.6666666666666665,
      "completeness": 3.0,
      "faithfulness": 5.0,
      "relevance": 5.0,
      "average": 3.9166666666666665
    }
  },
  "ensemble": {
    "correctness": 2.583333333333333,
    "completeness": 3.0,
    "faithfulness": 3.833333333333333,
    "relevance": 4.916666666666667,
    "average": 3.583333333333333
  }
}