{
  "res_id": "RES0205",
  "qid": "Q2",
  "question_type": "treatment_inventory",
  "per_model": {
    "gpt": {
      "correctness": 5.0,
      "completeness": 2.0,
      "faithfulness": 5.0,
      "relevance": 3.0,
      "average": 3.75
    },
    "claude": {
      "correctness": 4.333333333333333,
      "completeness": 2.6666666666666665,
      "faithfulness": 5.0,
      "relevance": 3.6666666666666665,
      "average": 3.9166666666666665
    },
    "gemini": {
      "correctness": 5.0,
      "completeness": 3.0,
      "faithfulness": 5.0,
      "relevance": 4.333333333333333,
      "average": 4.333333333333333
    },
    "grok": {
      "correctness": 5.0,
      "completeness": 3.0,
      "faithfulness": 5.0,
      "relevance": 4.0,
      "average": 4.25
    }
  },
  "ensemble": {
    "correctness": 4.833333333333333,
    "completeness": 2.6666666666666665,
    "faithfulness": 5.0,
    "relevance": 3.75,
    "average": 4.0625
  }
}