{
  "res_id": "RES0214",
  "qid": "Q4",
  "question_type": "ruled_out",
  "per_model": {
    "gpt": {
      "correctness": 3.0,
      "completeness": 2.3333333333333335,
      "faithfulness": 4.333333333333333,
      "relevance": 4.666666666666667,
      "average": 3.5833333333333335
    },
    "claude": {
      "correctness": 3.0,
      "completeness": 2.0,
      "faithfulness": 4.333333333333333,
      "relevance": 3.6666666666666665,
      "average": 3.25
    },
    "gemini": {
      "correctness": 3.6666666666666665,
      "completeness": 2.3333333333333335,
      "faithfulness": 5.0,
      "relevance": 5.0,
      "average": 4.0
    },
    "grok": {
      "correctness": 2.6666666666666665,
      "completeness": 2.0,
      "faithfulness": 5.0,
      "relevance": 4.666666666666667,
      "average": 3.5833333333333335
    }
  },
  "ensemble": {
    "correctness": 3.083333333333333,
    "completeness": 2.166666666666667,
    "faithfulness": 4.666666666666666,
    "relevance": 4.5,
    "average": 3.604166666666667
  }
}