{
  "res_id": "RES0200",
  "qid": "Q5",
  "question_type": "risk_factors",
  "per_model": {
    "gpt": {
      "correctness": 3.0,
      "completeness": 3.0,
      "faithfulness": 2.3333333333333335,
      "relevance": 4.0,
      "average": 3.0833333333333335
    },
    "claude": {
      "correctness": 3.0,
      "completeness": 3.0,
      "faithfulness": 2.3333333333333335,
      "relevance": 4.0,
      "average": 3.0833333333333335
    },
    "gemini": {
      "correctness": 5.0,
      "completeness": 3.0,
      "faithfulness": 4.0,
      "relevance": 5.0,
      "average": 4.25
    },
    "grok": {
      "correctness": 3.0,
      "completeness": 3.0,
      "faithfulness": 2.0,
      "relevance": 4.333333333333333,
      "average": 3.0833333333333335
    }
  },
  "ensemble": {
    "correctness": 3.5,
    "completeness": 3.0,
    "faithfulness": 2.666666666666667,
    "relevance": 4.333333333333333,
    "average": 3.3750000000000004
  }
}