{
  "res_id": "RES0204",
  "qid": "Q7",
  "question_type": "temporal_progression",
  "per_model": {
    "gpt": {
      "correctness": 2.0,
      "completeness": 2.0,
      "faithfulness": 2.0,
      "relevance": 3.0,
      "average": 2.25
    },
    "claude": {
      "correctness": 2.0,
      "completeness": 2.0,
      "faithfulness": 2.0,
      "relevance": 2.6666666666666665,
      "average": 2.1666666666666665
    },
    "gemini": {
      "correctness": 2.0,
      "completeness": 2.0,
      "faithfulness": 2.0,
      "relevance": 2.6666666666666665,
      "average": 2.1666666666666665
    },
    "grok": {
      "correctness": 1.6666666666666667,
      "completeness": 1.6666666666666667,
      "faithfulness": 1.6666666666666667,
      "relevance": 3.0,
      "average": 2.0
    }
  },
  "ensemble": {
    "correctness": 1.9166666666666667,
    "completeness": 1.9166666666666667,
    "faithfulness": 1.9166666666666667,
    "relevance": 2.833333333333333,
    "average": 2.145833333333333
  }
}