{
  "res_id": "RES0206",
  "qid": "Q5",
  "question_type": "risk_factors",
  "per_model": {
    "gpt": {
      "correctness": 4.0,
      "completeness": 3.0,
      "faithfulness": 3.0,
      "relevance": 4.333333333333333,
      "average": 3.5833333333333335
    },
    "claude": {
      "correctness": 4.666666666666667,
      "completeness": 3.6666666666666665,
      "faithfulness": 3.3333333333333335,
      "relevance": 5.0,
      "average": 4.166666666666667
    },
    "gemini": {
      "correctness": 5.0,
      "completeness": 4.0,
      "faithfulness": 5.0,
      "relevance": 5.0,
      "average": 4.75
    },
    "grok": {
      "correctness": 3.6666666666666665,
      "completeness": 3.0,
      "faithfulness": 2.0,
      "relevance": 5.0,
      "average": 3.4166666666666665
    }
  },
  "ensemble": {
    "correctness": 4.333333333333334,
    "completeness": 3.4166666666666665,
    "faithfulness": 3.3333333333333335,
    "relevance": 4.833333333333333,
    "average": 3.9791666666666665
  }
}