{
  "res_id": "RES0201",
  "qid": "Q3",
  "question_type": "diagnostic_reasoning",
  "per_model": {
    "gpt": {
      "correctness": 2.3333333333333335,
      "completeness": 2.0,
      "faithfulness": 2.0,
      "relevance": 3.6666666666666665,
      "average": 2.5
    },
    "claude": {
      "correctness": 2.0,
      "completeness": 2.3333333333333335,
      "faithfulness": 2.0,
      "relevance": 3.0,
      "average": 2.3333333333333335
    },
    "gemini": {
      "correctness": 2.6666666666666665,
      "completeness": 2.0,
      "faithfulness": 2.0,
      "relevance": 4.666666666666667,
      "average": 2.8333333333333335
    },
    "grok": {
      "correctness": 2.0,
      "completeness": 2.0,
      "faithfulness": 2.0,
      "relevance": 3.3333333333333335,
      "average": 2.3333333333333335
    }
  },
  "ensemble": {
    "correctness": 2.25,
    "completeness": 2.0833333333333335,
    "faithfulness": 2.0,
    "relevance": 3.6666666666666665,
    "average": 2.5000000000000004
  }
}