{
  "res_id": "RES0203",
  "qid": "Q7",
  "question_type": "temporal_progression",
  "per_model": {
    "gpt": {
      "correctness": 4.0,
      "completeness": 3.0,
      "faithfulness": 4.333333333333333,
      "relevance": 5.0,
      "average": 4.083333333333333
    },
    "claude": {
      "correctness": 2.0,
      "completeness": 3.0,
      "faithfulness": 3.0,
      "relevance": 4.0,
      "average": 3.0
    },
    "gemini": {
      "correctness": 3.3333333333333335,
      "completeness": 3.6666666666666665,
      "faithfulness": 3.3333333333333335,
      "relevance": 5.0,
      "average": 3.8333333333333335
    },
    "grok": {
      "correctness": 3.6666666666666665,
      "completeness": 3.6666666666666665,
      "faithfulness": 3.6666666666666665,
      "relevance": 5.0,
      "average": 4.0
    }
  },
  "ensemble": {
    "correctness": 3.25,
    "completeness": 3.333333333333333,
    "faithfulness": 3.583333333333333,
    "relevance": 4.75,
    "average": 3.7291666666666665
  }
}