{
  "res_id": "RES0215",
  "qid": "Q4",
  "question_type": "ruled_out",
  "per_model": {
    "gpt": {
      "correctness": 1.0,
      "completeness": 1.0,
      "faithfulness": 2.0,
      "relevance": 2.0,
      "average": 1.5
    },
    "claude": {
      "correctness": 1.6666666666666667,
      "completeness": 1.6666666666666667,
      "faithfulness": 2.0,
      "relevance": 2.0,
      "average": 1.8333333333333333
    },
    "gemini": {
      "correctness": 1.0,
      "completeness": 1.0,
      "faithfulness": 1.0,
      "relevance": 1.6666666666666667,
      "average": 1.1666666666666667
    },
    "grok": {
      "correctness": 1.0,
      "completeness": 1.0,
      "faithfulness": 1.0,
      "relevance": 1.0,
      "average": 1.0
    }
  },
  "ensemble": {
    "correctness": 1.1666666666666667,
    "completeness": 1.1666666666666667,
    "faithfulness": 1.5,
    "relevance": 1.6666666666666667,
    "average": 1.375
  }
}