{
  "res_id": "RES0207",
  "qid": "Q2",
  "question_type": "treatment_inventory",
  "per_model": {
    "gpt": {
      "correctness": 4.0,
      "completeness": 2.3333333333333335,
      "faithfulness": 5.0,
      "relevance": 4.333333333333333,
      "average": 3.9166666666666665
    },
    "claude": {
      "correctness": 3.0,
      "completeness": 2.3333333333333335,
      "faithfulness": 4.333333333333333,
      "relevance": 3.0,
      "average": 3.1666666666666665
    },
    "gemini": {
      "correctness": 5.0,
      "completeness": 2.0,
      "faithfulness": 5.0,
      "relevance": 3.6666666666666665,
      "average": 3.9166666666666665
    },
    "grok": {
      "correctness": 4.0,
      "completeness": 2.0,
      "faithfulness": 5.0,
      "relevance": 5.0,
      "average": 4.0
    }
  },
  "ensemble": {
    "correctness": 4.0,
    "completeness": 2.166666666666667,
    "faithfulness": 4.833333333333333,
    "relevance": 4.0,
    "average": 3.75
  }
}