{
  "res_id": "RES0200",
  "qid": "Q7",
  "question_type": "temporal_progression",
  "per_model": {
    "gpt": {
      "correctness": 2.0,
      "completeness": 2.6666666666666665,
      "faithfulness": 3.0,
      "relevance": 4.666666666666667,
      "average": 3.0833333333333335
    },
    "claude": {
      "correctness": 2.6666666666666665,
      "completeness": 3.0,
      "faithfulness": 3.6666666666666665,
      "relevance": 4.333333333333333,
      "average": 3.4166666666666665
    },
    "gemini": {
      "correctness": 3.0,
      "completeness": 3.0,
      "faithfulness": 4.666666666666667,
      "relevance": 5.0,
      "average": 3.9166666666666665
    },
    "grok": {
      "correctness": 2.3333333333333335,
      "completeness": 3.0,
      "faithfulness": 4.0,
      "relevance": 5.0,
      "average": 3.5833333333333335
    }
  },
  "ensemble": {
    "correctness": 2.5,
    "completeness": 2.9166666666666665,
    "faithfulness": 3.833333333333333,
    "relevance": 4.75,
    "average": 3.5
  }
}