{
  "res_id": "RES0217",
  "qid": "Q4",
  "question_type": "ruled_out",
  "per_model": {
    "gpt": {
      "correctness": 3.3333333333333335,
      "completeness": 3.3333333333333335,
      "faithfulness": 3.0,
      "relevance": 4.666666666666667,
      "average": 3.5833333333333335
    },
    "claude": {
      "correctness": 2.6666666666666665,
      "completeness": 3.0,
      "faithfulness": 2.6666666666666665,
      "relevance": 4.333333333333333,
      "average": 3.1666666666666665
    },
    "gemini": {
      "correctness": 4.0,
      "completeness": 3.0,
      "faithfulness": 4.0,
      "relevance": 5.0,
      "average": 4.0
    },
    "grok": {
      "correctness": 3.3333333333333335,
      "completeness": 3.0,
      "faithfulness": 2.3333333333333335,
      "relevance": 5.0,
      "average": 3.4166666666666665
    }
  },
  "ensemble": {
    "correctness": 3.3333333333333335,
    "completeness": 3.0833333333333335,
    "faithfulness": 3.0,
    "relevance": 4.75,
    "average": 3.5416666666666665
  }
}