{
  "res_id": "RES0215",
  "qid": "Q7",
  "question_type": "temporal_progression",
  "per_model": {
    "gpt": {
      "correctness": 2.0,
      "completeness": 2.3333333333333335,
      "faithfulness": 2.0,
      "relevance": 3.6666666666666665,
      "average": 2.5
    },
    "claude": {
      "correctness": 2.0,
      "completeness": 2.6666666666666665,
      "faithfulness": 2.0,
      "relevance": 3.0,
      "average": 2.4166666666666665
    },
    "gemini": {
      "correctness": 2.0,
      "completeness": 2.0,
      "faithfulness": 2.0,
      "relevance": 3.6666666666666665,
      "average": 2.4166666666666665
    },
    "grok": {
      "correctness": 2.0,
      "completeness": 2.6666666666666665,
      "faithfulness": 2.0,
      "relevance": 4.0,
      "average": 2.6666666666666665
    }
  },
  "ensemble": {
    "correctness": 2.0,
    "completeness": 2.4166666666666665,
    "faithfulness": 2.0,
    "relevance": 3.583333333333333,
    "average": 2.4999999999999996
  }
}