{
  "res_id": "RES0203",
  "qid": "Q7",
  "question_type": "temporal_progression",
  "per_model": {
    "gpt": {
      "correctness": 3.0,
      "completeness": 1.0,
      "faithfulness": 5.0,
      "relevance": 1.6666666666666667,
      "average": 2.6666666666666665
    },
    "claude": {
      "correctness": 1.0,
      "completeness": 1.0,
      "faithfulness": 1.6666666666666667,
      "relevance": 1.0,
      "average": 1.1666666666666667
    },
    "gemini": {
      "correctness": 2.0,
      "completeness": 1.0,
      "faithfulness": 5.0,
      "relevance": 1.3333333333333333,
      "average": 2.3333333333333335
    },
    "grok": {
      "correctness": 3.6666666666666665,
      "completeness": 1.0,
      "faithfulness": 5.0,
      "relevance": 4.0,
      "average": 3.4166666666666665
    }
  },
  "ensemble": {
    "correctness": 2.4166666666666665,
    "completeness": 1.0,
    "faithfulness": 4.166666666666667,
    "relevance": 2.0,
    "average": 2.395833333333333
  }
}