{
  "res_id": "RES0206",
  "qid": "Q4",
  "question_type": "ruled_out",
  "per_model": {
    "gpt": {
      "correctness": 5.0,
      "completeness": 4.333333333333333,
      "faithfulness": 5.0,
      "relevance": 5.0,
      "average": 4.833333333333333
    },
    "claude": {
      "correctness": 4.333333333333333,
      "completeness": 2.6666666666666665,
      "faithfulness": 5.0,
      "relevance": 5.0,
      "average": 4.25
    },
    "gemini": {
      "correctness": 5.0,
      "completeness": 3.6666666666666665,
      "faithfulness": 5.0,
      "relevance": 5.0,
      "average": 4.666666666666667
    },
    "grok": {
      "correctness": 5.0,
      "completeness": 3.6666666666666665,
      "faithfulness": 5.0,
      "relevance": 5.0,
      "average": 4.666666666666667
    }
  },
  "ensemble": {
    "correctness": 4.833333333333333,
    "completeness": 3.583333333333333,
    "faithfulness": 5.0,
    "relevance": 5.0,
    "average": 4.604166666666667
  }
}