{
  "res_id": "RES0215",
  "qid": "Q2",
  "question_type": "treatment_inventory",
  "per_model": {
    "gpt": {
      "correctness": 4.333333333333333,
      "completeness": 2.6666666666666665,
      "faithfulness": 4.0,
      "relevance": 4.333333333333333,
      "average": 3.8333333333333335
    },
    "claude": {
      "correctness": 4.0,
      "completeness": 2.0,
      "faithfulness": 4.333333333333333,
      "relevance": 4.0,
      "average": 3.5833333333333335
    },
    "gemini": {
      "correctness": 5.0,
      "completeness": 2.3333333333333335,
      "faithfulness": 4.666666666666667,
      "relevance": 4.0,
      "average": 4.0
    },
    "grok": {
      "correctness": 4.666666666666667,
      "completeness": 3.0,
      "faithfulness": 4.0,
      "relevance": 5.0,
      "average": 4.166666666666667
    }
  },
  "ensemble": {
    "correctness": 4.5,
    "completeness": 2.5,
    "faithfulness": 4.25,
    "relevance": 4.333333333333333,
    "average": 3.895833333333334
  }
}