{
  "res_id": "RES0203",
  "qid": "Q2",
  "question_type": "treatment_inventory",
  "per_model": {
    "gpt": {
      "correctness": 4.333333333333333,
      "completeness": 3.0,
      "faithfulness": 4.0,
      "relevance": 5.0,
      "average": 4.083333333333333
    },
    "claude": {
      "correctness": 3.6666666666666665,
      "completeness": 3.0,
      "faithfulness": 3.6666666666666665,
      "relevance": 5.0,
      "average": 3.8333333333333335
    },
    "gemini": {
      "correctness": 4.666666666666667,
      "completeness": 3.6666666666666665,
      "faithfulness": 4.666666666666667,
      "relevance": 5.0,
      "average": 4.5
    },
    "grok": {
      "correctness": 4.333333333333333,
      "completeness": 3.3333333333333335,
      "faithfulness": 4.0,
      "relevance": 5.0,
      "average": 4.166666666666667
    }
  },
  "ensemble": {
    "correctness": 4.25,
    "completeness": 3.25,
    "faithfulness": 4.083333333333333,
    "relevance": 5.0,
    "average": 4.145833333333333
  }
}