{
  "res_id": "RES0209",
  "qid": "Q7",
  "question_type": "temporal_progression",
  "per_model": {
    "gpt": {
      "correctness": 3.3333333333333335,
      "completeness": 2.0,
      "faithfulness": 3.6666666666666665,
      "relevance": 3.3333333333333335,
      "average": 3.0833333333333335
    },
    "claude": {
      "correctness": 2.6666666666666665,
      "completeness": 2.0,
      "faithfulness": 3.6666666666666665,
      "relevance": 3.3333333333333335,
      "average": 2.9166666666666665
    },
    "gemini": {
      "correctness": 4.0,
      "completeness": 1.6666666666666667,
      "faithfulness": 5.0,
      "relevance": 2.6666666666666665,
      "average": 3.3333333333333335
    },
    "grok": {
      "correctness": 4.333333333333333,
      "completeness": 2.0,
      "faithfulness": 5.0,
      "relevance": 4.0,
      "average": 3.8333333333333335
    }
  },
  "ensemble": {
    "correctness": 3.583333333333333,
    "completeness": 1.9166666666666667,
    "faithfulness": 4.333333333333333,
    "relevance": 3.3333333333333335,
    "average": 3.291666666666667
  }
}