{
  "res_id": "RES0212",
  "qid": "Q6",
  "question_type": "clinical_plan",
  "per_model": {
    "gpt": {
      "correctness": 4.333333333333333,
      "completeness": 2.0,
      "faithfulness": 5.0,
      "relevance": 3.6666666666666665,
      "average": 3.75
    },
    "claude": {
      "correctness": 3.3333333333333335,
      "completeness": 2.6666666666666665,
      "faithfulness": 4.666666666666667,
      "relevance": 3.6666666666666665,
      "average": 3.5833333333333335
    },
    "gemini": {
      "correctness": 5.0,
      "completeness": 2.0,
      "faithfulness": 5.0,
      "relevance": 3.0,
      "average": 3.75
    },
    "grok": {
      "correctness": 4.333333333333333,
      "completeness": 2.0,
      "faithfulness": 5.0,
      "relevance": 4.0,
      "average": 3.8333333333333335
    }
  },
  "ensemble": {
    "correctness": 4.25,
    "completeness": 2.1666666666666665,
    "faithfulness": 4.916666666666667,
    "relevance": 3.583333333333333,
    "average": 3.729166666666667
  }
}