{
  "res_id": "RES0216",
  "qid": "Q4",
  "question_type": "ruled_out",
  "per_model": {
    "gpt": {
      "correctness": 5.0,
      "completeness": 3.0,
      "faithfulness": 5.0,
      "relevance": 4.333333333333333,
      "average": 4.333333333333333
    },
    "claude": {
      "correctness": 3.6666666666666665,
      "completeness": 3.0,
      "faithfulness": 4.666666666666667,
      "relevance": 4.333333333333333,
      "average": 3.9166666666666665
    },
    "gemini": {
      "correctness": 5.0,
      "completeness": 3.6666666666666665,
      "faithfulness": 5.0,
      "relevance": 5.0,
      "average": 4.666666666666667
    },
    "grok": {
      "correctness": 4.0,
      "completeness": 3.0,
      "faithfulness": 5.0,
      "relevance": 4.666666666666667,
      "average": 4.166666666666667
    }
  },
  "ensemble": {
    "correctness": 4.416666666666666,
    "completeness": 3.1666666666666665,
    "faithfulness": 4.916666666666667,
    "relevance": 4.583333333333333,
    "average": 4.270833333333334
  }
}