{
  "res_id": "RES0217",
  "qid": "Q7",
  "question_type": "temporal_progression",
  "per_model": {
    "gpt": {
      "correctness": 5.0,
      "completeness": 2.0,
      "faithfulness": 5.0,
      "relevance": 3.6666666666666665,
      "average": 3.9166666666666665
    },
    "claude": {
      "correctness": 3.3333333333333335,
      "completeness": 2.0,
      "faithfulness": 4.666666666666667,
      "relevance": 3.3333333333333335,
      "average": 3.3333333333333335
    },
    "gemini": {
      "correctness": 5.0,
      "completeness": 2.6666666666666665,
      "faithfulness": 5.0,
      "relevance": 5.0,
      "average": 4.416666666666667
    },
    "grok": {
      "correctness": 4.666666666666667,
      "completeness": 3.0,
      "faithfulness": 5.0,
      "relevance": 5.0,
      "average": 4.416666666666667
    }
  },
  "ensemble": {
    "correctness": 4.5,
    "completeness": 2.4166666666666665,
    "faithfulness": 4.916666666666667,
    "relevance": 4.25,
    "average": 4.020833333333334
  }
}