{
  "res_id": "RES0205",
  "qid": "Q3",
  "question_type": "diagnostic_reasoning",
  "per_model": {
    "gpt": {
      "correctness": 4.0,
      "completeness": 2.3333333333333335,
      "faithfulness": 3.3333333333333335,
      "relevance": 5.0,
      "average": 3.6666666666666665
    },
    "claude": {
      "correctness": 4.0,
      "completeness": 2.3333333333333335,
      "faithfulness": 4.0,
      "relevance": 5.0,
      "average": 3.8333333333333335
    },
    "gemini": {
      "correctness": 4.666666666666667,
      "completeness": 3.3333333333333335,
      "faithfulness": 4.0,
      "relevance": 5.0,
      "average": 4.25
    },
    "grok": {
      "correctness": 4.0,
      "completeness": 2.0,
      "faithfulness": 4.0,
      "relevance": 5.0,
      "average": 3.75
    }
  },
  "ensemble": {
    "correctness": 4.166666666666667,
    "completeness": 2.5,
    "faithfulness": 3.8333333333333335,
    "relevance": 5.0,
    "average": 3.875
  }
}