{
  "res_id": "RES0204",
  "qid": "Q1",
  "question_type": "symptom_recall",
  "per_model": {
    "gpt": {
      "correctness": 4.0,
      "completeness": 3.0,
      "faithfulness": 3.6666666666666665,
      "relevance": 4.0,
      "average": 3.6666666666666665
    },
    "claude": {
      "correctness": 4.333333333333333,
      "completeness": 3.0,
      "faithfulness": 3.6666666666666665,
      "relevance": 4.666666666666667,
      "average": 3.9166666666666665
    },
    "gemini": {
      "correctness": 5.0,
      "completeness": 3.3333333333333335,
      "faithfulness": 4.0,
      "relevance": 5.0,
      "average": 4.333333333333333
    },
    "grok": {
      "correctness": 3.6666666666666665,
      "completeness": 3.6666666666666665,
      "faithfulness": 2.0,
      "relevance": 4.0,
      "average": 3.3333333333333335
    }
  },
  "ensemble": {
    "correctness": 4.25,
    "completeness": 3.25,
    "faithfulness": 3.333333333333333,
    "relevance": 4.416666666666667,
    "average": 3.8125
  }
}