{
  "res_id": "RES0210",
  "qid": "Q6",
  "question_type": "clinical_plan",
  "per_model": {
    "gpt": {
      "correctness": 2.0,
      "completeness": 3.0,
      "faithfulness": 2.0,
      "relevance": 4.0,
      "average": 2.75
    },
    "claude": {
      "correctness": 2.0,
      "completeness": 3.0,
      "faithfulness": 2.3333333333333335,
      "relevance": 3.3333333333333335,
      "average": 2.6666666666666665
    },
    "gemini": {
      "correctness": 2.0,
      "completeness": 2.3333333333333335,
      "faithfulness": 2.0,
      "relevance": 4.666666666666667,
      "average": 2.75
    },
    "grok": {
      "correctness": 2.0,
      "completeness": 3.0,
      "faithfulness": 2.6666666666666665,
      "relevance": 4.666666666666667,
      "average": 3.0833333333333335
    }
  },
  "ensemble": {
    "correctness": 2.0,
    "completeness": 2.8333333333333335,
    "faithfulness": 2.25,
    "relevance": 4.166666666666667,
    "average": 2.8125
  }
}