{
  "res_id": "RES0211",
  "qid": "Q3",
  "question_type": "diagnostic_reasoning",
  "per_model": {
    "gpt": {
      "correctness": 4.0,
      "completeness": 3.6666666666666665,
      "faithfulness": 3.3333333333333335,
      "relevance": 5.0,
      "average": 4.0
    },
    "claude": {
      "correctness": 3.3333333333333335,
      "completeness": 3.3333333333333335,
      "faithfulness": 3.3333333333333335,
      "relevance": 4.0,
      "average": 3.5
    },
    "gemini": {
      "correctness": 5.0,
      "completeness": 4.0,
      "faithfulness": 4.333333333333333,
      "relevance": 5.0,
      "average": 4.583333333333333
    },
    "grok": {
      "correctness": 4.0,
      "completeness": 4.0,
      "faithfulness": 3.3333333333333335,
      "relevance": 5.0,
      "average": 4.083333333333333
    }
  },
  "ensemble": {
    "correctness": 4.083333333333334,
    "completeness": 3.75,
    "faithfulness": 3.5833333333333335,
    "relevance": 4.75,
    "average": 4.041666666666666
  }
}