{
  "res_id": "RES0201",
  "qid": "Q1",
  "question_type": "symptom_recall",
  "per_model": {
    "gpt": {
      "correctness": 2.0,
      "completeness": 2.0,
      "faithfulness": 3.0,
      "relevance": 3.6666666666666665,
      "average": 2.6666666666666665
    },
    "claude": {
      "correctness": 2.0,
      "completeness": 2.0,
      "faithfulness": 2.3333333333333335,
      "relevance": 2.3333333333333335,
      "average": 2.1666666666666665
    },
    "gemini": {
      "correctness": 2.0,
      "completeness": 2.0,
      "faithfulness": 3.6666666666666665,
      "relevance": 3.0,
      "average": 2.6666666666666665
    },
    "grok": {
      "correctness": 2.0,
      "completeness": 2.0,
      "faithfulness": 3.3333333333333335,
      "relevance": 4.0,
      "average": 2.8333333333333335
    }
  },
  "ensemble": {
    "correctness": 2.0,
    "completeness": 2.0,
    "faithfulness": 3.0833333333333335,
    "relevance": 3.25,
    "average": 2.5833333333333335
  }
}