{
  "res_id": "RES0203",
  "qid": "Q2",
  "question_type": "treatment_inventory",
  "per_model": {
    "gpt": {
      "correctness": 2.0,
      "completeness": 2.3333333333333335,
      "faithfulness": 3.0,
      "relevance": 3.6666666666666665,
      "average": 2.75
    },
    "claude": {
      "correctness": 2.0,
      "completeness": 2.6666666666666665,
      "faithfulness": 2.0,
      "relevance": 3.0,
      "average": 2.4166666666666665
    },
    "gemini": {
      "correctness": 2.3333333333333335,
      "completeness": 3.0,
      "faithfulness": 4.0,
      "relevance": 4.666666666666667,
      "average": 3.5
    },
    "grok": {
      "correctness": 2.0,
      "completeness": 2.3333333333333335,
      "faithfulness": 2.0,
      "relevance": 4.0,
      "average": 2.5833333333333335
    }
  },
  "ensemble": {
    "correctness": 2.0833333333333335,
    "completeness": 2.5833333333333335,
    "faithfulness": 2.75,
    "relevance": 3.833333333333333,
    "average": 2.8125
  }
}