{
  "res_id": "RES0199",
  "qid": "Q1",
  "question_type": "symptom_recall",
  "per_model": {
    "gpt": {
      "correctness": 4.0,
      "completeness": 3.0,
      "faithfulness": 3.3333333333333335,
      "relevance": 4.666666666666667,
      "average": 3.75
    },
    "claude": {
      "correctness": 3.0,
      "completeness": 2.0,
      "faithfulness": 3.3333333333333335,
      "relevance": 4.333333333333333,
      "average": 3.1666666666666665
    },
    "gemini": {
      "correctness": 4.0,
      "completeness": 3.0,
      "faithfulness": 4.0,
      "relevance": 5.0,
      "average": 4.0
    },
    "grok": {
      "correctness": 3.3333333333333335,
      "completeness": 2.3333333333333335,
      "faithfulness": 4.0,
      "relevance": 5.0,
      "average": 3.6666666666666665
    }
  },
  "ensemble": {
    "correctness": 3.5833333333333335,
    "completeness": 2.5833333333333335,
    "faithfulness": 3.666666666666667,
    "relevance": 4.75,
    "average": 3.645833333333333
  }
}