{
  "res_id": "RES0205",
  "qid": "Q7",
  "question_type": "temporal_progression",
  "per_model": {
    "gpt": {
      "correctness": 2.3333333333333335,
      "completeness": 2.0,
      "faithfulness": 2.3333333333333335,
      "relevance": 3.6666666666666665,
      "average": 2.5833333333333335
    },
    "claude": {
      "correctness": 2.0,
      "completeness": 2.6666666666666665,
      "faithfulness": 2.6666666666666665,
      "relevance": 3.3333333333333335,
      "average": 2.6666666666666665
    },
    "gemini": {
      "correctness": 3.6666666666666665,
      "completeness": 2.6666666666666665,
      "faithfulness": 4.666666666666667,
      "relevance": 4.666666666666667,
      "average": 3.9166666666666665
    },
    "grok": {
      "correctness": 2.3333333333333335,
      "completeness": 2.3333333333333335,
      "faithfulness": 2.0,
      "relevance": 4.0,
      "average": 2.6666666666666665
    }
  },
  "ensemble": {
    "correctness": 2.5833333333333335,
    "completeness": 2.4166666666666665,
    "faithfulness": 2.916666666666667,
    "relevance": 3.916666666666667,
    "average": 2.958333333333333
  }
}