{
  "res_id": "RES0214",
  "qid": "Q5",
  "question_type": "risk_factors",
  "per_model": {
    "gpt": {
      "correctness": 4.0,
      "completeness": 4.666666666666667,
      "faithfulness": 3.6666666666666665,
      "relevance": 5.0,
      "average": 4.333333333333333
    },
    "claude": {
      "correctness": 4.666666666666667,
      "completeness": 5.0,
      "faithfulness": 4.333333333333333,
      "relevance": 4.666666666666667,
      "average": 4.666666666666667
    },
    "gemini": {
      "correctness": 4.666666666666667,
      "completeness": 5.0,
      "faithfulness": 4.666666666666667,
      "relevance": 5.0,
      "average": 4.833333333333333
    },
    "grok": {
      "correctness": 3.6666666666666665,
      "completeness": 3.6666666666666665,
      "faithfulness": 2.6666666666666665,
      "relevance": 5.0,
      "average": 3.75
    }
  },
  "ensemble": {
    "correctness": 4.250000000000001,
    "completeness": 4.583333333333334,
    "faithfulness": 3.8333333333333335,
    "relevance": 4.916666666666667,
    "average": 4.395833333333333
  }
}