{
  "res_id": "RES0208",
  "qid": "Q3",
  "question_type": "diagnostic_reasoning",
  "per_model": {
    "gpt": {
      "correctness": 4.0,
      "completeness": 4.0,
      "faithfulness": 3.3333333333333335,
      "relevance": 4.0,
      "average": 3.8333333333333335
    },
    "claude": {
      "correctness": 3.0,
      "completeness": 3.0,
      "faithfulness": 2.6666666666666665,
      "relevance": 4.0,
      "average": 3.1666666666666665
    },
    "gemini": {
      "correctness": 5.0,
      "completeness": 5.0,
      "faithfulness": 4.0,
      "relevance": 5.0,
      "average": 4.75
    },
    "grok": {
      "correctness": 3.6666666666666665,
      "completeness": 4.0,
      "faithfulness": 2.3333333333333335,
      "relevance": 4.333333333333333,
      "average": 3.5833333333333335
    }
  },
  "ensemble": {
    "correctness": 3.9166666666666665,
    "completeness": 4.0,
    "faithfulness": 3.0833333333333335,
    "relevance": 4.333333333333333,
    "average": 3.8333333333333335
  }
}