{
  "res_id": "RES0199",
  "qid": "Q5",
  "question_type": "risk_factors",
  "per_model": {
    "gpt": {
      "correctness": 1.0,
      "completeness": 1.0,
      "faithfulness": 1.6666666666666667,
      "relevance": 3.0,
      "average": 1.6666666666666667
    },
    "claude": {
      "correctness": 1.0,
      "completeness": 1.0,
      "faithfulness": 1.0,
      "relevance": 2.0,
      "average": 1.25
    },
    "gemini": {
      "correctness": 1.0,
      "completeness": 1.0,
      "faithfulness": 1.0,
      "relevance": 2.6666666666666665,
      "average": 1.4166666666666667
    },
    "grok": {
      "correctness": 1.0,
      "completeness": 1.0,
      "faithfulness": 1.0,
      "relevance": 4.333333333333333,
      "average": 1.8333333333333333
    }
  },
  "ensemble": {
    "correctness": 1.0,
    "completeness": 1.0,
    "faithfulness": 1.1666666666666667,
    "relevance": 3.0,
    "average": 1.5416666666666667
  }
}