{
  "res_id": "RES0216",
  "qid": "Q3",
  "question_type": "diagnostic_reasoning",
  "per_model": {
    "gpt": {
      "correctness": 3.0,
      "completeness": 3.0,
      "faithfulness": 3.0,
      "relevance": 4.666666666666667,
      "average": 3.4166666666666665
    },
    "claude": {
      "correctness": 2.0,
      "completeness": 2.3333333333333335,
      "faithfulness": 2.0,
      "relevance": 3.0,
      "average": 2.3333333333333335
    },
    "gemini": {
      "correctness": 3.3333333333333335,
      "completeness": 3.0,
      "faithfulness": 3.6666666666666665,
      "relevance": 5.0,
      "average": 3.75
    },
    "grok": {
      "correctness": 3.3333333333333335,
      "completeness": 3.0,
      "faithfulness": 3.3333333333333335,
      "relevance": 5.0,
      "average": 3.6666666666666665
    }
  },
  "ensemble": {
    "correctness": 2.916666666666667,
    "completeness": 2.8333333333333335,
    "faithfulness": 3.0,
    "relevance": 4.416666666666667,
    "average": 3.2916666666666665
  }
}