{
  "res_id": "RES0208",
  "qid": "Q1",
  "question_type": "symptom_recall",
  "per_model": {
    "gpt": {
      "correctness": 4.0,
      "completeness": 3.0,
      "faithfulness": 4.0,
      "relevance": 4.0,
      "average": 3.75
    },
    "claude": {
      "correctness": 2.0,
      "completeness": 3.0,
      "faithfulness": 2.6666666666666665,
      "relevance": 3.6666666666666665,
      "average": 2.8333333333333335
    },
    "gemini": {
      "correctness": 4.666666666666667,
      "completeness": 3.6666666666666665,
      "faithfulness": 5.0,
      "relevance": 4.0,
      "average": 4.333333333333333
    },
    "grok": {
      "correctness": 4.0,
      "completeness": 3.3333333333333335,
      "faithfulness": 5.0,
      "relevance": 4.666666666666667,
      "average": 4.25
    }
  },
  "ensemble": {
    "correctness": 3.666666666666667,
    "completeness": 3.25,
    "faithfulness": 4.166666666666666,
    "relevance": 4.083333333333333,
    "average": 3.791666666666667
  }
}