{
  "res_id": "RES0212",
  "qid": "Q3",
  "question_type": "diagnostic_reasoning",
  "per_model": {
    "gpt": {
      "correctness": 2.6666666666666665,
      "completeness": 3.0,
      "faithfulness": 2.0,
      "relevance": 4.333333333333333,
      "average": 3.0
    },
    "claude": {
      "correctness": 2.3333333333333335,
      "completeness": 3.0,
      "faithfulness": 2.0,
      "relevance": 4.333333333333333,
      "average": 2.9166666666666665
    },
    "gemini": {
      "correctness": 3.3333333333333335,
      "completeness": 3.3333333333333335,
      "faithfulness": 2.3333333333333335,
      "relevance": 5.0,
      "average": 3.5
    },
    "grok": {
      "correctness": 3.3333333333333335,
      "completeness": 3.0,
      "faithfulness": 2.3333333333333335,
      "relevance": 5.0,
      "average": 3.4166666666666665
    }
  },
  "ensemble": {
    "correctness": 2.916666666666667,
    "completeness": 3.0833333333333335,
    "faithfulness": 2.166666666666667,
    "relevance": 4.666666666666666,
    "average": 3.208333333333333
  }
}