{
  "res_id": "RES0213",
  "qid": "Q2",
  "question_type": "treatment_inventory",
  "per_model": {
    "gpt": {
      "correctness": 5.0,
      "completeness": 3.0,
      "faithfulness": 5.0,
      "relevance": 3.6666666666666665,
      "average": 4.166666666666667
    },
    "claude": {
      "correctness": 3.3333333333333335,
      "completeness": 2.0,
      "faithfulness": 5.0,
      "relevance": 3.0,
      "average": 3.3333333333333335
    },
    "gemini": {
      "correctness": 5.0,
      "completeness": 2.6666666666666665,
      "faithfulness": 5.0,
      "relevance": 4.0,
      "average": 4.166666666666667
    },
    "grok": {
      "correctness": 5.0,
      "completeness": 2.6666666666666665,
      "faithfulness": 5.0,
      "relevance": 3.6666666666666665,
      "average": 4.083333333333333
    }
  },
  "ensemble": {
    "correctness": 4.583333333333334,
    "completeness": 2.583333333333333,
    "faithfulness": 5.0,
    "relevance": 3.583333333333333,
    "average": 3.9375
  }
}