{
  "res_id": "RES0211",
  "qid": "Q5",
  "question_type": "risk_factors",
  "per_model": {
    "gpt": {
      "correctness": 1.3333333333333333,
      "completeness": 2.0,
      "faithfulness": 1.6666666666666667,
      "relevance": 2.6666666666666665,
      "average": 1.9166666666666667
    },
    "claude": {
      "correctness": 1.6666666666666667,
      "completeness": 2.0,
      "faithfulness": 1.6666666666666667,
      "relevance": 2.0,
      "average": 1.8333333333333333
    },
    "gemini": {
      "correctness": 1.0,
      "completeness": 2.0,
      "faithfulness": 1.3333333333333333,
      "relevance": 2.0,
      "average": 1.5833333333333333
    },
    "grok": {
      "correctness": 1.0,
      "completeness": 1.0,
      "faithfulness": 1.0,
      "relevance": 1.6666666666666667,
      "average": 1.1666666666666667
    }
  },
  "ensemble": {
    "correctness": 1.25,
    "completeness": 1.75,
    "faithfulness": 1.4166666666666667,
    "relevance": 2.083333333333333,
    "average": 1.625
  }
}