{
  "res_id": "RES0216",
  "qid": "Q2",
  "question_type": "treatment_inventory",
  "per_model": {
    "gpt": {
      "correctness": 2.0,
      "completeness": 1.6666666666666667,
      "faithfulness": 2.0,
      "relevance": 3.0,
      "average": 2.1666666666666665
    },
    "claude": {
      "correctness": 2.0,
      "completeness": 2.0,
      "faithfulness": 2.3333333333333335,
      "relevance": 3.0,
      "average": 2.3333333333333335
    },
    "gemini": {
      "correctness": 2.0,
      "completeness": 2.0,
      "faithfulness": 1.6666666666666667,
      "relevance": 2.3333333333333335,
      "average": 2.0
    },
    "grok": {
      "correctness": 2.0,
      "completeness": 2.0,
      "faithfulness": 2.0,
      "relevance": 3.3333333333333335,
      "average": 2.3333333333333335
    }
  },
  "ensemble": {
    "correctness": 2.0,
    "completeness": 1.9166666666666667,
    "faithfulness": 2.0,
    "relevance": 2.916666666666667,
    "average": 2.2083333333333335
  }
}