{
  "res_id": "RES0201",
  "qid": "Q5",
  "question_type": "risk_factors",
  "per_model": {
    "gpt": {
      "correctness": 4.0,
      "completeness": 3.0,
      "faithfulness": 3.0,
      "relevance": 4.666666666666667,
      "average": 3.6666666666666665
    },
    "claude": {
      "correctness": 3.6666666666666665,
      "completeness": 3.0,
      "faithfulness": 3.6666666666666665,
      "relevance": 4.333333333333333,
      "average": 3.6666666666666665
    },
    "gemini": {
      "correctness": 5.0,
      "completeness": 3.6666666666666665,
      "faithfulness": 4.666666666666667,
      "relevance": 5.0,
      "average": 4.583333333333333
    },
    "grok": {
      "correctness": 3.6666666666666665,
      "completeness": 3.3333333333333335,
      "faithfulness": 3.3333333333333335,
      "relevance": 4.333333333333333,
      "average": 3.6666666666666665
    }
  },
  "ensemble": {
    "correctness": 4.083333333333333,
    "completeness": 3.25,
    "faithfulness": 3.6666666666666665,
    "relevance": 4.583333333333333,
    "average": 3.895833333333333
  }
}