{
  "res_id": "RES0215",
  "qid": "Q4",
  "question_type": "ruled_out",
  "per_model": {
    "gpt": {
      "correctness": 2.0,
      "completeness": 1.3333333333333333,
      "faithfulness": 2.3333333333333335,
      "relevance": 2.6666666666666665,
      "average": 2.0833333333333335
    },
    "claude": {
      "correctness": 2.0,
      "completeness": 2.0,
      "faithfulness": 2.0,
      "relevance": 2.0,
      "average": 2.0
    },
    "gemini": {
      "correctness": 1.3333333333333333,
      "completeness": 1.3333333333333333,
      "faithfulness": 1.3333333333333333,
      "relevance": 2.0,
      "average": 1.5
    },
    "grok": {
      "correctness": 1.0,
      "completeness": 1.0,
      "faithfulness": 1.3333333333333333,
      "relevance": 2.0,
      "average": 1.3333333333333333
    }
  },
  "ensemble": {
    "correctness": 1.5833333333333333,
    "completeness": 1.4166666666666665,
    "faithfulness": 1.75,
    "relevance": 2.1666666666666665,
    "average": 1.7291666666666667
  }
}