{
  "res_id": "RES0211",
  "qid": "Q6",
  "question_type": "clinical_plan",
  "per_model": {
    "gpt": {
      "correctness": 2.0,
      "completeness": 2.0,
      "faithfulness": 2.3333333333333335,
      "relevance": 3.0,
      "average": 2.3333333333333335
    },
    "claude": {
      "correctness": 1.6666666666666667,
      "completeness": 1.6666666666666667,
      "faithfulness": 2.0,
      "relevance": 1.6666666666666667,
      "average": 1.75
    },
    "gemini": {
      "correctness": 1.6666666666666667,
      "completeness": 1.6666666666666667,
      "faithfulness": 2.0,
      "relevance": 2.0,
      "average": 1.8333333333333333
    },
    "grok": {
      "correctness": 1.3333333333333333,
      "completeness": 1.0,
      "faithfulness": 2.0,
      "relevance": 2.0,
      "average": 1.5833333333333333
    }
  },
  "ensemble": {
    "correctness": 1.6666666666666667,
    "completeness": 1.5833333333333335,
    "faithfulness": 2.0833333333333335,
    "relevance": 2.166666666666667,
    "average": 1.875
  }
}