{
  "res_id": "RES0211",
  "qid": "Q2",
  "question_type": "treatment_inventory",
  "per_model": {
    "gpt": {
      "correctness": 3.0,
      "completeness": 2.3333333333333335,
      "faithfulness": 3.0,
      "relevance": 5.0,
      "average": 3.3333333333333335
    },
    "claude": {
      "correctness": 3.0,
      "completeness": 3.0,
      "faithfulness": 4.0,
      "relevance": 4.333333333333333,
      "average": 3.5833333333333335
    },
    "gemini": {
      "correctness": 3.0,
      "completeness": 2.6666666666666665,
      "faithfulness": 3.6666666666666665,
      "relevance": 5.0,
      "average": 3.5833333333333335
    },
    "grok": {
      "correctness": 3.6666666666666665,
      "completeness": 3.0,
      "faithfulness": 4.333333333333333,
      "relevance": 5.0,
      "average": 4.0
    }
  },
  "ensemble": {
    "correctness": 3.1666666666666665,
    "completeness": 2.75,
    "faithfulness": 3.75,
    "relevance": 4.833333333333333,
    "average": 3.625
  }
}