{
  "res_id": "RES0210",
  "qid": "Q3",
  "question_type": "diagnostic_reasoning",
  "per_model": {
    "gpt": {
      "correctness": 4.0,
      "completeness": 3.0,
      "faithfulness": 2.6666666666666665,
      "relevance": 4.0,
      "average": 3.4166666666666665
    },
    "claude": {
      "correctness": 3.6666666666666665,
      "completeness": 3.3333333333333335,
      "faithfulness": 3.6666666666666665,
      "relevance": 4.333333333333333,
      "average": 3.75
    },
    "gemini": {
      "correctness": 5.0,
      "completeness": 3.6666666666666665,
      "faithfulness": 4.0,
      "relevance": 5.0,
      "average": 4.416666666666667
    },
    "grok": {
      "correctness": 4.0,
      "completeness": 3.3333333333333335,
      "faithfulness": 2.0,
      "relevance": 4.0,
      "average": 3.3333333333333335
    }
  },
  "ensemble": {
    "correctness": 4.166666666666666,
    "completeness": 3.3333333333333335,
    "faithfulness": 3.083333333333333,
    "relevance": 4.333333333333333,
    "average": 3.7291666666666665
  }
}