{
  "res_id": "RES0215",
  "qid": "Q1",
  "question_type": "symptom_recall",
  "per_model": {
    "gpt": {
      "correctness": 3.6666666666666665,
      "completeness": 3.3333333333333335,
      "faithfulness": 5.0,
      "relevance": 5.0,
      "average": 4.25
    },
    "claude": {
      "correctness": 3.0,
      "completeness": 3.0,
      "faithfulness": 4.0,
      "relevance": 5.0,
      "average": 3.75
    },
    "gemini": {
      "correctness": 4.333333333333333,
      "completeness": 3.6666666666666665,
      "faithfulness": 5.0,
      "relevance": 5.0,
      "average": 4.5
    },
    "grok": {
      "correctness": 3.3333333333333335,
      "completeness": 3.6666666666666665,
      "faithfulness": 5.0,
      "relevance": 5.0,
      "average": 4.25
    }
  },
  "ensemble": {
    "correctness": 3.5833333333333335,
    "completeness": 3.4166666666666665,
    "faithfulness": 4.75,
    "relevance": 5.0,
    "average": 4.1875
  }
}