{
  "res_id": "RES0212",
  "qid": "Q7",
  "question_type": "temporal_progression",
  "per_model": {
    "gpt": {
      "correctness": 2.3333333333333335,
      "completeness": 3.0,
      "faithfulness": 2.0,
      "relevance": 4.0,
      "average": 2.8333333333333335
    },
    "claude": {
      "correctness": 2.0,
      "completeness": 3.0,
      "faithfulness": 3.0,
      "relevance": 3.6666666666666665,
      "average": 2.9166666666666665
    },
    "gemini": {
      "correctness": 3.0,
      "completeness": 3.6666666666666665,
      "faithfulness": 3.0,
      "relevance": 5.0,
      "average": 3.6666666666666665
    },
    "grok": {
      "correctness": 2.0,
      "completeness": 3.0,
      "faithfulness": 2.0,
      "relevance": 5.0,
      "average": 3.0
    }
  },
  "ensemble": {
    "correctness": 2.3333333333333335,
    "completeness": 3.1666666666666665,
    "faithfulness": 2.5,
    "relevance": 4.416666666666666,
    "average": 3.1041666666666665
  }
}