{
  "res_id": "RES0213",
  "qid": "Q4",
  "question_type": "ruled_out",
  "per_model": {
    "gpt": {
      "correctness": 2.0,
      "completeness": 1.3333333333333333,
      "faithfulness": 3.0,
      "relevance": 3.0,
      "average": 2.3333333333333335
    },
    "claude": {
      "correctness": 2.0,
      "completeness": 1.0,
      "faithfulness": 3.0,
      "relevance": 2.3333333333333335,
      "average": 2.0833333333333335
    },
    "gemini": {
      "correctness": 4.0,
      "completeness": 1.6666666666666667,
      "faithfulness": 5.0,
      "relevance": 5.0,
      "average": 3.9166666666666665
    },
    "grok": {
      "correctness": 2.0,
      "completeness": 1.0,
      "faithfulness": 3.6666666666666665,
      "relevance": 3.6666666666666665,
      "average": 2.5833333333333335
    }
  },
  "ensemble": {
    "correctness": 2.5,
    "completeness": 1.25,
    "faithfulness": 3.6666666666666665,
    "relevance": 3.5,
    "average": 2.729166666666667
  }
}