{
  "res_id": "RES0198",
  "qid": "Q3",
  "question_type": "diagnostic_reasoning",
  "per_model": {
    "gpt": {
      "correctness": 3.3333333333333335,
      "completeness": 2.0,
      "faithfulness": 3.0,
      "relevance": 4.0,
      "average": 3.0833333333333335
    },
    "claude": {
      "correctness": 2.3333333333333335,
      "completeness": 2.0,
      "faithfulness": 2.3333333333333335,
      "relevance": 3.0,
      "average": 2.4166666666666665
    },
    "gemini": {
      "correctness": 3.6666666666666665,
      "completeness": 2.0,
      "faithfulness": 3.3333333333333335,
      "relevance": 4.0,
      "average": 3.25
    },
    "grok": {
      "correctness": 3.0,
      "completeness": 2.0,
      "faithfulness": 2.3333333333333335,
      "relevance": 3.0,
      "average": 2.5833333333333335
    }
  },
  "ensemble": {
    "correctness": 3.0833333333333335,
    "completeness": 2.0,
    "faithfulness": 2.7500000000000004,
    "relevance": 3.5,
    "average": 2.8333333333333335
  }
}