{
  "res_id": "RES0217",
  "qid": "Q6",
  "question_type": "clinical_plan",
  "per_model": {
    "gpt": {
      "correctness": 4.333333333333333,
      "completeness": 4.0,
      "faithfulness": 4.666666666666667,
      "relevance": 5.0,
      "average": 4.5
    },
    "claude": {
      "correctness": 5.0,
      "completeness": 5.0,
      "faithfulness": 5.0,
      "relevance": 5.0,
      "average": 5.0
    },
    "gemini": {
      "correctness": 5.0,
      "completeness": 4.333333333333333,
      "faithfulness": 5.0,
      "relevance": 5.0,
      "average": 4.833333333333333
    },
    "grok": {
      "correctness": 5.0,
      "completeness": 4.333333333333333,
      "faithfulness": 5.0,
      "relevance": 5.0,
      "average": 4.833333333333333
    }
  },
  "ensemble": {
    "correctness": 4.833333333333333,
    "completeness": 4.416666666666666,
    "faithfulness": 4.916666666666667,
    "relevance": 5.0,
    "average": 4.791666666666666
  }
}