{
  "res_id": "RES0214",
  "qid": "Q4",
  "question_type": "ruled_out",
  "per_model": {
    "gpt": {
      "correctness": 4.0,
      "completeness": 3.3333333333333335,
      "faithfulness": 3.0,
      "relevance": 4.666666666666667,
      "average": 3.75
    },
    "claude": {
      "correctness": 4.0,
      "completeness": 3.3333333333333335,
      "faithfulness": 3.3333333333333335,
      "relevance": 5.0,
      "average": 3.9166666666666665
    },
    "gemini": {
      "correctness": 4.333333333333333,
      "completeness": 4.0,
      "faithfulness": 2.6666666666666665,
      "relevance": 5.0,
      "average": 4.0
    },
    "grok": {
      "correctness": 4.0,
      "completeness": 3.6666666666666665,
      "faithfulness": 3.0,
      "relevance": 4.666666666666667,
      "average": 3.8333333333333335
    }
  },
  "ensemble": {
    "correctness": 4.083333333333333,
    "completeness": 3.5833333333333335,
    "faithfulness": 3.0,
    "relevance": 4.833333333333334,
    "average": 3.875
  }
}