{
  "res_id": "RES0204",
  "qid": "Q6",
  "question_type": "clinical_plan",
  "per_model": {
    "gpt": {
      "correctness": 1.0,
      "completeness": 1.0,
      "faithfulness": 2.0,
      "relevance": 2.0,
      "average": 1.5
    },
    "claude": {
      "correctness": 1.0,
      "completeness": 1.0,
      "faithfulness": 1.3333333333333333,
      "relevance": 1.0,
      "average": 1.0833333333333333
    },
    "gemini": {
      "correctness": 1.0,
      "completeness": 1.0,
      "faithfulness": 1.0,
      "relevance": 1.3333333333333333,
      "average": 1.0833333333333333
    },
    "grok": {
      "correctness": 1.0,
      "completeness": 1.0,
      "faithfulness": 1.6666666666666667,
      "relevance": 1.0,
      "average": 1.1666666666666667
    }
  },
  "ensemble": {
    "correctness": 1.0,
    "completeness": 1.0,
    "faithfulness": 1.5,
    "relevance": 1.3333333333333333,
    "average": 1.2083333333333333
  }
}