{
  "res_id": "RES0213",
  "qid": "Q1",
  "question_type": "symptom_recall",
  "per_model": {
    "gpt": {
      "correctness": 3.0,
      "completeness": 3.0,
      "faithfulness": 2.3333333333333335,
      "relevance": 4.0,
      "average": 3.0833333333333335
    },
    "claude": {
      "correctness": 2.0,
      "completeness": 2.6666666666666665,
      "faithfulness": 2.0,
      "relevance": 3.0,
      "average": 2.4166666666666665
    },
    "gemini": {
      "correctness": 2.6666666666666665,
      "completeness": 3.0,
      "faithfulness": 2.3333333333333335,
      "relevance": 4.666666666666667,
      "average": 3.1666666666666665
    },
    "grok": {
      "correctness": 2.0,
      "completeness": 2.3333333333333335,
      "faithfulness": 2.0,
      "relevance": 4.0,
      "average": 2.5833333333333335
    }
  },
  "ensemble": {
    "correctness": 2.4166666666666665,
    "completeness": 2.75,
    "faithfulness": 2.166666666666667,
    "relevance": 3.916666666666667,
    "average": 2.8125
  }
}