{
  "res_id": "RES0205",
  "qid": "Q5",
  "question_type": "risk_factors",
  "per_model": {
    "gpt": {
      "correctness": 3.0,
      "completeness": 3.3333333333333335,
      "faithfulness": 2.0,
      "relevance": 4.0,
      "average": 3.0833333333333335
    },
    "claude": {
      "correctness": 4.333333333333333,
      "completeness": 3.6666666666666665,
      "faithfulness": 3.6666666666666665,
      "relevance": 4.333333333333333,
      "average": 4.0
    },
    "gemini": {
      "correctness": 3.0,
      "completeness": 4.0,
      "faithfulness": 2.0,
      "relevance": 5.0,
      "average": 3.5
    },
    "grok": {
      "correctness": 3.6666666666666665,
      "completeness": 4.0,
      "faithfulness": 2.6666666666666665,
      "relevance": 5.0,
      "average": 3.8333333333333335
    }
  },
  "ensemble": {
    "correctness": 3.4999999999999996,
    "completeness": 3.75,
    "faithfulness": 2.583333333333333,
    "relevance": 4.583333333333333,
    "average": 3.604166666666667
  }
}