{
  "res_id": "RES0212",
  "qid": "Q2",
  "question_type": "treatment_inventory",
  "per_model": {
    "gpt": {
      "correctness": 2.3333333333333335,
      "completeness": 2.0,
      "faithfulness": 2.0,
      "relevance": 3.3333333333333335,
      "average": 2.4166666666666665
    },
    "claude": {
      "correctness": 2.0,
      "completeness": 1.6666666666666667,
      "faithfulness": 2.6666666666666665,
      "relevance": 2.6666666666666665,
      "average": 2.25
    },
    "gemini": {
      "correctness": 2.0,
      "completeness": 1.6666666666666667,
      "faithfulness": 2.0,
      "relevance": 5.0,
      "average": 2.6666666666666665
    },
    "grok": {
      "correctness": 2.0,
      "completeness": 1.6666666666666667,
      "faithfulness": 2.0,
      "relevance": 4.0,
      "average": 2.4166666666666665
    }
  },
  "ensemble": {
    "correctness": 2.0833333333333335,
    "completeness": 1.7500000000000002,
    "faithfulness": 2.1666666666666665,
    "relevance": 3.75,
    "average": 2.4374999999999996
  }
}