{
  "res_id": "RES0211",
  "qid": "Q4",
  "question_type": "ruled_out",
  "per_model": {
    "gpt": {
      "correctness": 2.0,
      "completeness": 1.6666666666666667,
      "faithfulness": 2.0,
      "relevance": 2.6666666666666665,
      "average": 2.0833333333333335
    },
    "claude": {
      "correctness": 2.0,
      "completeness": 1.6666666666666667,
      "faithfulness": 2.0,
      "relevance": 2.3333333333333335,
      "average": 2.0
    },
    "gemini": {
      "correctness": 1.0,
      "completeness": 1.3333333333333333,
      "faithfulness": 1.3333333333333333,
      "relevance": 2.0,
      "average": 1.4166666666666667
    },
    "grok": {
      "correctness": 1.6666666666666667,
      "completeness": 1.3333333333333333,
      "faithfulness": 2.0,
      "relevance": 2.6666666666666665,
      "average": 1.9166666666666667
    }
  },
  "ensemble": {
    "correctness": 1.6666666666666667,
    "completeness": 1.5,
    "faithfulness": 1.8333333333333333,
    "relevance": 2.4166666666666665,
    "average": 1.854166666666667
  }
}