{
  "res_id": "RES0208",
  "qid": "Q7",
  "question_type": "temporal_progression",
  "per_model": {
    "gpt": {
      "correctness": 3.3333333333333335,
      "completeness": 3.0,
      "faithfulness": 3.6666666666666665,
      "relevance": 4.333333333333333,
      "average": 3.5833333333333335
    },
    "claude": {
      "correctness": 3.6666666666666665,
      "completeness": 3.0,
      "faithfulness": 4.333333333333333,
      "relevance": 5.0,
      "average": 4.0
    },
    "gemini": {
      "correctness": 4.0,
      "completeness": 3.0,
      "faithfulness": 4.333333333333333,
      "relevance": 4.666666666666667,
      "average": 4.0
    },
    "grok": {
      "correctness": 4.0,
      "completeness": 3.3333333333333335,
      "faithfulness": 3.3333333333333335,
      "relevance": 4.666666666666667,
      "average": 3.8333333333333335
    }
  },
  "ensemble": {
    "correctness": 3.75,
    "completeness": 3.0833333333333335,
    "faithfulness": 3.9166666666666665,
    "relevance": 4.666666666666667,
    "average": 3.854166666666667
  }
}