{
  "res_id": "RES0216",
  "qid": "Q6",
  "question_type": "clinical_plan",
  "per_model": {
    "gpt": {
      "correctness": 4.0,
      "completeness": 4.0,
      "faithfulness": 3.3333333333333335,
      "relevance": 5.0,
      "average": 4.083333333333333
    },
    "claude": {
      "correctness": 2.6666666666666665,
      "completeness": 3.0,
      "faithfulness": 2.6666666666666665,
      "relevance": 5.0,
      "average": 3.3333333333333335
    },
    "gemini": {
      "correctness": 4.0,
      "completeness": 4.0,
      "faithfulness": 4.0,
      "relevance": 5.0,
      "average": 4.25
    },
    "grok": {
      "correctness": 3.0,
      "completeness": 4.0,
      "faithfulness": 3.3333333333333335,
      "relevance": 5.0,
      "average": 3.8333333333333335
    }
  },
  "ensemble": {
    "correctness": 3.4166666666666665,
    "completeness": 3.75,
    "faithfulness": 3.3333333333333335,
    "relevance": 5.0,
    "average": 3.875
  }
}