{
  "res_id": "RES0203",
  "qid": "Q2",
  "question_type": "treatment_inventory",
  "per_model": {
    "gpt": {
      "correctness": 5.0,
      "completeness": 4.0,
      "faithfulness": 4.666666666666667,
      "relevance": 5.0,
      "average": 4.666666666666667
    },
    "claude": {
      "correctness": 3.0,
      "completeness": 3.3333333333333335,
      "faithfulness": 4.0,
      "relevance": 4.666666666666667,
      "average": 3.75
    },
    "gemini": {
      "correctness": 5.0,
      "completeness": 4.0,
      "faithfulness": 5.0,
      "relevance": 5.0,
      "average": 4.75
    },
    "grok": {
      "correctness": 5.0,
      "completeness": 4.0,
      "faithfulness": 4.0,
      "relevance": 5.0,
      "average": 4.5
    }
  },
  "ensemble": {
    "correctness": 4.5,
    "completeness": 3.8333333333333335,
    "faithfulness": 4.416666666666667,
    "relevance": 4.916666666666667,
    "average": 4.416666666666667
  }
}