{
  "res_id": "RES0214",
  "qid": "Q4",
  "question_type": "ruled_out",
  "per_model": {
    "gpt": {
      "correctness": 4.0,
      "completeness": 3.0,
      "faithfulness": 3.0,
      "relevance": 5.0,
      "average": 3.75
    },
    "claude": {
      "correctness": 3.0,
      "completeness": 3.0,
      "faithfulness": 3.3333333333333335,
      "relevance": 3.6666666666666665,
      "average": 3.25
    },
    "gemini": {
      "correctness": 5.0,
      "completeness": 4.0,
      "faithfulness": 4.0,
      "relevance": 5.0,
      "average": 4.5
    },
    "grok": {
      "correctness": 4.0,
      "completeness": 3.3333333333333335,
      "faithfulness": 2.3333333333333335,
      "relevance": 4.666666666666667,
      "average": 3.5833333333333335
    }
  },
  "ensemble": {
    "correctness": 4.0,
    "completeness": 3.3333333333333335,
    "faithfulness": 3.166666666666667,
    "relevance": 4.583333333333333,
    "average": 3.7708333333333335
  }
}