{
  "res_id": "RES0206",
  "qid": "Q3",
  "question_type": "diagnostic_reasoning",
  "per_model": {
    "gpt": {
      "correctness": 2.3333333333333335,
      "completeness": 2.0,
      "faithfulness": 2.0,
      "relevance": 4.0,
      "average": 2.5833333333333335
    },
    "claude": {
      "correctness": 3.3333333333333335,
      "completeness": 3.0,
      "faithfulness": 3.3333333333333335,
      "relevance": 4.666666666666667,
      "average": 3.5833333333333335
    },
    "gemini": {
      "correctness": 2.6666666666666665,
      "completeness": 2.0,
      "faithfulness": 1.6666666666666667,
      "relevance": 5.0,
      "average": 2.8333333333333335
    },
    "grok": {
      "correctness": 2.0,
      "completeness": 2.0,
      "faithfulness": 2.0,
      "relevance": 4.0,
      "average": 2.5
    }
  },
  "ensemble": {
    "correctness": 2.5833333333333335,
    "completeness": 2.25,
    "faithfulness": 2.25,
    "relevance": 4.416666666666667,
    "average": 2.875
  }
}