{
  "res_id": "RES0214",
  "qid": "Q2",
  "question_type": "treatment_inventory",
  "per_model": {
    "gpt": {
      "correctness": 2.0,
      "completeness": 3.0,
      "faithfulness": 2.0,
      "relevance": 4.333333333333333,
      "average": 2.8333333333333335
    },
    "claude": {
      "correctness": 2.0,
      "completeness": 2.0,
      "faithfulness": 2.0,
      "relevance": 3.6666666666666665,
      "average": 2.4166666666666665
    },
    "gemini": {
      "correctness": 2.3333333333333335,
      "completeness": 2.3333333333333335,
      "faithfulness": 1.6666666666666667,
      "relevance": 5.0,
      "average": 2.8333333333333335
    },
    "grok": {
      "correctness": 2.0,
      "completeness": 3.0,
      "faithfulness": 2.0,
      "relevance": 5.0,
      "average": 3.0
    }
  },
  "ensemble": {
    "correctness": 2.0833333333333335,
    "completeness": 2.5833333333333335,
    "faithfulness": 1.9166666666666667,
    "relevance": 4.5,
    "average": 2.7708333333333335
  }
}