{
  "res_id": "RES0217",
  "qid": "Q2",
  "question_type": "treatment_inventory",
  "per_model": {
    "gpt": {
      "correctness": 4.0,
      "completeness": 3.3333333333333335,
      "faithfulness": 4.0,
      "relevance": 4.666666666666667,
      "average": 4.0
    },
    "claude": {
      "correctness": 4.666666666666667,
      "completeness": 3.6666666666666665,
      "faithfulness": 4.333333333333333,
      "relevance": 4.666666666666667,
      "average": 4.333333333333333
    },
    "gemini": {
      "correctness": 4.333333333333333,
      "completeness": 3.3333333333333335,
      "faithfulness": 4.666666666666667,
      "relevance": 5.0,
      "average": 4.333333333333333
    },
    "grok": {
      "correctness": 4.0,
      "completeness": 3.6666666666666665,
      "faithfulness": 3.6666666666666665,
      "relevance": 5.0,
      "average": 4.083333333333333
    }
  },
  "ensemble": {
    "correctness": 4.25,
    "completeness": 3.5,
    "faithfulness": 4.166666666666667,
    "relevance": 4.833333333333334,
    "average": 4.187499999999999
  }
}