{
  "res_id": "RES0203",
  "qid": "Q6",
  "question_type": "clinical_plan",
  "per_model": {
    "gpt": {
      "correctness": 3.0,
      "completeness": 3.0,
      "faithfulness": 2.6666666666666665,
      "relevance": 4.666666666666667,
      "average": 3.3333333333333335
    },
    "claude": {
      "correctness": 2.0,
      "completeness": 2.3333333333333335,
      "faithfulness": 2.0,
      "relevance": 4.333333333333333,
      "average": 2.6666666666666665
    },
    "gemini": {
      "correctness": 3.0,
      "completeness": 3.0,
      "faithfulness": 2.6666666666666665,
      "relevance": 4.666666666666667,
      "average": 3.3333333333333335
    },
    "grok": {
      "correctness": 2.0,
      "completeness": 2.6666666666666665,
      "faithfulness": 2.0,
      "relevance": 5.0,
      "average": 2.9166666666666665
    }
  },
  "ensemble": {
    "correctness": 2.5,
    "completeness": 2.75,
    "faithfulness": 2.333333333333333,
    "relevance": 4.666666666666667,
    "average": 3.0625
  }
}