{
  "res_id": "RES0205",
  "qid": "Q2",
  "question_type": "treatment_inventory",
  "per_model": {
    "gpt": {
      "correctness": 3.0,
      "completeness": 3.0,
      "faithfulness": 3.0,
      "relevance": 4.0,
      "average": 3.25
    },
    "claude": {
      "correctness": 2.3333333333333335,
      "completeness": 3.0,
      "faithfulness": 2.3333333333333335,
      "relevance": 3.0,
      "average": 2.6666666666666665
    },
    "gemini": {
      "correctness": 4.0,
      "completeness": 3.6666666666666665,
      "faithfulness": 3.0,
      "relevance": 5.0,
      "average": 3.9166666666666665
    },
    "grok": {
      "correctness": 2.3333333333333335,
      "completeness": 3.0,
      "faithfulness": 2.0,
      "relevance": 4.0,
      "average": 2.8333333333333335
    }
  },
  "ensemble": {
    "correctness": 2.916666666666667,
    "completeness": 3.1666666666666665,
    "faithfulness": 2.5833333333333335,
    "relevance": 4.0,
    "average": 3.1666666666666665
  }
}