{
  "res_id": "RES0214",
  "qid": "Q7",
  "question_type": "temporal_progression",
  "per_model": {
    "gpt": {
      "correctness": 3.3333333333333335,
      "completeness": 3.3333333333333335,
      "faithfulness": 3.6666666666666665,
      "relevance": 5.0,
      "average": 3.8333333333333335
    },
    "claude": {
      "correctness": 2.3333333333333335,
      "completeness": 3.0,
      "faithfulness": 3.0,
      "relevance": 4.0,
      "average": 3.0833333333333335
    },
    "gemini": {
      "correctness": 4.0,
      "completeness": 4.666666666666667,
      "faithfulness": 4.0,
      "relevance": 5.0,
      "average": 4.416666666666667
    },
    "grok": {
      "correctness": 3.6666666666666665,
      "completeness": 4.0,
      "faithfulness": 4.333333333333333,
      "relevance": 5.0,
      "average": 4.25
    }
  },
  "ensemble": {
    "correctness": 3.3333333333333335,
    "completeness": 3.75,
    "faithfulness": 3.75,
    "relevance": 4.75,
    "average": 3.8958333333333335
  }
}