{
  "res_id": "RES0211",
  "qid": "Q1",
  "question_type": "symptom_recall",
  "per_model": {
    "gpt": {
      "correctness": 2.0,
      "completeness": 2.0,
      "faithfulness": 2.3333333333333335,
      "relevance": 3.0,
      "average": 2.3333333333333335
    },
    "claude": {
      "correctness": 2.0,
      "completeness": 3.0,
      "faithfulness": 3.0,
      "relevance": 2.6666666666666665,
      "average": 2.6666666666666665
    },
    "gemini": {
      "correctness": 4.333333333333333,
      "completeness": 2.3333333333333335,
      "faithfulness": 5.0,
      "relevance": 3.3333333333333335,
      "average": 3.75
    },
    "grok": {
      "correctness": 2.0,
      "completeness": 2.0,
      "faithfulness": 2.6666666666666665,
      "relevance": 3.6666666666666665,
      "average": 2.5833333333333335
    }
  },
  "ensemble": {
    "correctness": 2.583333333333333,
    "completeness": 2.3333333333333335,
    "faithfulness": 3.25,
    "relevance": 3.1666666666666665,
    "average": 2.8333333333333335
  }
}