{
  "res_id": "RES0199",
  "qid": "Q2",
  "question_type": "treatment_inventory",
  "per_model": {
    "gpt": {
      "correctness": 4.0,
      "completeness": 4.0,
      "faithfulness": 4.0,
      "relevance": 5.0,
      "average": 4.25
    },
    "claude": {
      "correctness": 5.0,
      "completeness": 4.666666666666667,
      "faithfulness": 5.0,
      "relevance": 5.0,
      "average": 4.916666666666667
    },
    "gemini": {
      "correctness": 5.0,
      "completeness": 4.0,
      "faithfulness": 4.333333333333333,
      "relevance": 5.0,
      "average": 4.583333333333333
    },
    "grok": {
      "correctness": 4.0,
      "completeness": 4.0,
      "faithfulness": 3.6666666666666665,
      "relevance": 5.0,
      "average": 4.166666666666667
    }
  },
  "ensemble": {
    "correctness": 4.5,
    "completeness": 4.166666666666667,
    "faithfulness": 4.25,
    "relevance": 5.0,
    "average": 4.479166666666667
  }
}