{
  "res_id": "RES0204",
  "qid": "Q5",
  "question_type": "risk_factors",
  "per_model": {
    "gpt": {
      "correctness": 3.3333333333333335,
      "completeness": 2.6666666666666665,
      "faithfulness": 3.6666666666666665,
      "relevance": 4.666666666666667,
      "average": 3.5833333333333335
    },
    "claude": {
      "correctness": 2.3333333333333335,
      "completeness": 2.3333333333333335,
      "faithfulness": 2.3333333333333335,
      "relevance": 4.0,
      "average": 2.75
    },
    "gemini": {
      "correctness": 3.0,
      "completeness": 3.0,
      "faithfulness": 2.6666666666666665,
      "relevance": 5.0,
      "average": 3.4166666666666665
    },
    "grok": {
      "correctness": 3.0,
      "completeness": 3.0,
      "faithfulness": 3.0,
      "relevance": 4.666666666666667,
      "average": 3.4166666666666665
    }
  },
  "ensemble": {
    "correctness": 2.916666666666667,
    "completeness": 2.75,
    "faithfulness": 2.9166666666666665,
    "relevance": 4.583333333333334,
    "average": 3.2916666666666665
  }
}