{
  "res_id": "RES0207",
  "qid": "Q5",
  "question_type": "risk_factors",
  "per_model": {
    "gpt": {
      "correctness": 4.0,
      "completeness": 4.0,
      "faithfulness": 4.0,
      "relevance": 5.0,
      "average": 4.25
    },
    "claude": {
      "correctness": 4.333333333333333,
      "completeness": 3.3333333333333335,
      "faithfulness": 4.0,
      "relevance": 4.333333333333333,
      "average": 4.0
    },
    "gemini": {
      "correctness": 4.666666666666667,
      "completeness": 4.0,
      "faithfulness": 5.0,
      "relevance": 5.0,
      "average": 4.666666666666667
    },
    "grok": {
      "correctness": 3.6666666666666665,
      "completeness": 3.6666666666666665,
      "faithfulness": 4.666666666666667,
      "relevance": 5.0,
      "average": 4.25
    }
  },
  "ensemble": {
    "correctness": 4.166666666666667,
    "completeness": 3.75,
    "faithfulness": 4.416666666666667,
    "relevance": 4.833333333333333,
    "average": 4.291666666666667
  }
}