{
  "res_id": "RES0199",
  "qid": "Q4",
  "question_type": "ruled_out",
  "per_model": {
    "gpt": {
      "correctness": 5.0,
      "completeness": 5.0,
      "faithfulness": 5.0,
      "relevance": 5.0,
      "average": 5.0
    },
    "claude": {
      "correctness": 5.0,
      "completeness": 3.6666666666666665,
      "faithfulness": 5.0,
      "relevance": 5.0,
      "average": 4.666666666666667
    },
    "gemini": {
      "correctness": 5.0,
      "completeness": 4.333333333333333,
      "faithfulness": 5.0,
      "relevance": 5.0,
      "average": 4.833333333333333
    },
    "grok": {
      "correctness": 5.0,
      "completeness": 4.666666666666667,
      "faithfulness": 5.0,
      "relevance": 5.0,
      "average": 4.916666666666667
    }
  },
  "ensemble": {
    "correctness": 5.0,
    "completeness": 4.416666666666667,
    "faithfulness": 5.0,
    "relevance": 5.0,
    "average": 4.854166666666667
  }
}