{
  "res_id": "RES0203",
  "qid": "Q3",
  "question_type": "diagnostic_reasoning",
  "per_model": {
    "gpt": {
      "correctness": 4.0,
      "completeness": 3.6666666666666665,
      "faithfulness": 4.0,
      "relevance": 5.0,
      "average": 4.166666666666667
    },
    "claude": {
      "correctness": 4.666666666666667,
      "completeness": 3.0,
      "faithfulness": 5.0,
      "relevance": 5.0,
      "average": 4.416666666666667
    },
    "gemini": {
      "correctness": 4.666666666666667,
      "completeness": 3.3333333333333335,
      "faithfulness": 4.0,
      "relevance": 5.0,
      "average": 4.25
    },
    "grok": {
      "correctness": 4.333333333333333,
      "completeness": 3.3333333333333335,
      "faithfulness": 4.0,
      "relevance": 5.0,
      "average": 4.166666666666667
    }
  },
  "ensemble": {
    "correctness": 4.416666666666667,
    "completeness": 3.3333333333333335,
    "faithfulness": 4.25,
    "relevance": 5.0,
    "average": 4.25
  }
}