{
  "res_id": "RES0212",
  "qid": "Q1",
  "question_type": "symptom_recall",
  "per_model": {
    "gpt": {
      "correctness": 3.6666666666666665,
      "completeness": 2.0,
      "faithfulness": 3.6666666666666665,
      "relevance": 4.0,
      "average": 3.3333333333333335
    },
    "claude": {
      "correctness": 2.0,
      "completeness": 2.0,
      "faithfulness": 3.0,
      "relevance": 3.0,
      "average": 2.5
    },
    "gemini": {
      "correctness": 4.666666666666667,
      "completeness": 2.3333333333333335,
      "faithfulness": 5.0,
      "relevance": 5.0,
      "average": 4.25
    },
    "grok": {
      "correctness": 3.6666666666666665,
      "completeness": 2.0,
      "faithfulness": 5.0,
      "relevance": 5.0,
      "average": 3.9166666666666665
    }
  },
  "ensemble": {
    "correctness": 3.4999999999999996,
    "completeness": 2.0833333333333335,
    "faithfulness": 4.166666666666666,
    "relevance": 4.25,
    "average": 3.5
  }
}