{
  "res_id": "RES0204",
  "qid": "Q7",
  "question_type": "temporal_progression",
  "per_model": {
    "gpt": {
      "correctness": 4.0,
      "completeness": 2.6666666666666665,
      "faithfulness": 4.333333333333333,
      "relevance": 3.6666666666666665,
      "average": 3.6666666666666665
    },
    "claude": {
      "correctness": 2.0,
      "completeness": 2.0,
      "faithfulness": 3.0,
      "relevance": 2.0,
      "average": 2.25
    },
    "gemini": {
      "correctness": 5.0,
      "completeness": 3.0,
      "faithfulness": 5.0,
      "relevance": 4.0,
      "average": 4.25
    },
    "grok": {
      "correctness": 3.3333333333333335,
      "completeness": 2.6666666666666665,
      "faithfulness": 5.0,
      "relevance": 3.3333333333333335,
      "average": 3.5833333333333335
    }
  },
  "ensemble": {
    "correctness": 3.5833333333333335,
    "completeness": 2.583333333333333,
    "faithfulness": 4.333333333333333,
    "relevance": 3.25,
    "average": 3.4375
  }
}