{
  "res_id": "RES0214",
  "qid": "Q1",
  "question_type": "symptom_recall",
  "per_model": {
    "gpt": {
      "correctness": 4.0,
      "completeness": 4.666666666666667,
      "faithfulness": 3.3333333333333335,
      "relevance": 5.0,
      "average": 4.25
    },
    "claude": {
      "correctness": 2.6666666666666665,
      "completeness": 3.0,
      "faithfulness": 2.6666666666666665,
      "relevance": 4.0,
      "average": 3.0833333333333335
    },
    "gemini": {
      "correctness": 3.0,
      "completeness": 5.0,
      "faithfulness": 2.0,
      "relevance": 5.0,
      "average": 3.75
    },
    "grok": {
      "correctness": 3.3333333333333335,
      "completeness": 3.3333333333333335,
      "faithfulness": 2.0,
      "relevance": 5.0,
      "average": 3.4166666666666665
    }
  },
  "ensemble": {
    "correctness": 3.25,
    "completeness": 4.0,
    "faithfulness": 2.5,
    "relevance": 4.75,
    "average": 3.625
  }
}