{
  "res_id": "RES0210",
  "qid": "Q1",
  "question_type": "symptom_recall",
  "per_model": {
    "gpt": {
      "correctness": 3.0,
      "completeness": 2.0,
      "faithfulness": 3.6666666666666665,
      "relevance": 4.666666666666667,
      "average": 3.3333333333333335
    },
    "claude": {
      "correctness": 2.0,
      "completeness": 2.0,
      "faithfulness": 3.6666666666666665,
      "relevance": 3.0,
      "average": 2.6666666666666665
    },
    "gemini": {
      "correctness": 2.5,
      "completeness": 2.0,
      "faithfulness": 3.0,
      "relevance": 5.0,
      "average": 3.125
    },
    "grok": {
      "correctness": 4.666666666666667,
      "completeness": 2.6666666666666665,
      "faithfulness": 5.0,
      "relevance": 5.0,
      "average": 4.333333333333333
    }
  },
  "ensemble": {
    "correctness": 3.041666666666667,
    "completeness": 2.1666666666666665,
    "faithfulness": 3.833333333333333,
    "relevance": 4.416666666666667,
    "average": 3.364583333333333
  }
}