{
  "res_id": "RES0203",
  "qid": "Q4",
  "question_type": "ruled_out",
  "per_model": {
    "gpt": {
      "correctness": 1.0,
      "completeness": 1.0,
      "faithfulness": 1.3333333333333333,
      "relevance": 2.0,
      "average": 1.3333333333333333
    },
    "claude": {
      "correctness": 1.0,
      "completeness": 1.0,
      "faithfulness": 1.6666666666666667,
      "relevance": 2.0,
      "average": 1.4166666666666667
    },
    "gemini": {
      "correctness": 1.0,
      "completeness": 1.0,
      "faithfulness": 1.0,
      "relevance": 2.0,
      "average": 1.25
    },
    "grok": {
      "correctness": 1.0,
      "completeness": 1.0,
      "faithfulness": 1.3333333333333333,
      "relevance": 1.6666666666666667,
      "average": 1.25
    }
  },
  "ensemble": {
    "correctness": 1.0,
    "completeness": 1.0,
    "faithfulness": 1.3333333333333333,
    "relevance": 1.9166666666666667,
    "average": 1.3125
  }
}