{
  "res_id": "RES0205",
  "qid": "Q5",
  "question_type": "risk_factors",
  "per_model": {
    "gpt": {
      "correctness": 3.0,
      "completeness": 3.0,
      "faithfulness": 2.3333333333333335,
      "relevance": 4.666666666666667,
      "average": 3.25
    },
    "claude": {
      "correctness": 2.0,
      "completeness": 3.0,
      "faithfulness": 2.0,
      "relevance": 3.6666666666666665,
      "average": 2.6666666666666665
    },
    "gemini": {
      "correctness": 4.0,
      "completeness": 3.6666666666666665,
      "faithfulness": 4.0,
      "relevance": 5.0,
      "average": 4.166666666666667
    },
    "grok": {
      "correctness": 3.6666666666666665,
      "completeness": 4.0,
      "faithfulness": 3.6666666666666665,
      "relevance": 5.0,
      "average": 4.083333333333333
    }
  },
  "ensemble": {
    "correctness": 3.1666666666666665,
    "completeness": 3.4166666666666665,
    "faithfulness": 3.0,
    "relevance": 4.583333333333334,
    "average": 3.541666666666666
  }
}