{
  "res_id": "RES0216",
  "qid": "Q3",
  "question_type": "diagnostic_reasoning",
  "per_model": {
    "gpt": {
      "correctness": 3.6666666666666665,
      "completeness": 2.6666666666666665,
      "faithfulness": 4.0,
      "relevance": 5.0,
      "average": 3.8333333333333335
    },
    "claude": {
      "correctness": 3.0,
      "completeness": 3.0,
      "faithfulness": 3.0,
      "relevance": 4.333333333333333,
      "average": 3.3333333333333335
    },
    "gemini": {
      "correctness": 4.333333333333333,
      "completeness": 2.6666666666666665,
      "faithfulness": 5.0,
      "relevance": 5.0,
      "average": 4.25
    },
    "grok": {
      "correctness": 4.0,
      "completeness": 3.0,
      "faithfulness": 4.666666666666667,
      "relevance": 5.0,
      "average": 4.166666666666667
    }
  },
  "ensemble": {
    "correctness": 3.75,
    "completeness": 2.833333333333333,
    "faithfulness": 4.166666666666667,
    "relevance": 4.833333333333333,
    "average": 3.895833333333334
  }
}