{
  "res_id": "RES0205",
  "qid": "Q7",
  "question_type": "temporal_progression",
  "per_model": {
    "gpt": {
      "correctness": 3.6666666666666665,
      "completeness": 3.0,
      "faithfulness": 3.6666666666666665,
      "relevance": 4.0,
      "average": 3.5833333333333335
    },
    "claude": {
      "correctness": 3.0,
      "completeness": 3.0,
      "faithfulness": 3.6666666666666665,
      "relevance": 4.0,
      "average": 3.4166666666666665
    },
    "gemini": {
      "correctness": 4.0,
      "completeness": 3.0,
      "faithfulness": 5.0,
      "relevance": 4.666666666666667,
      "average": 4.166666666666667
    },
    "grok": {
      "correctness": 3.6666666666666665,
      "completeness": 3.3333333333333335,
      "faithfulness": 4.0,
      "relevance": 4.666666666666667,
      "average": 3.9166666666666665
    }
  },
  "ensemble": {
    "correctness": 3.583333333333333,
    "completeness": 3.0833333333333335,
    "faithfulness": 4.083333333333333,
    "relevance": 4.333333333333334,
    "average": 3.7708333333333335
  }
}