{
  "res_id": "RES0210",
  "qid": "Q7",
  "question_type": "temporal_progression",
  "per_model": {
    "gpt": {
      "correctness": 2.6666666666666665,
      "completeness": 2.6666666666666665,
      "faithfulness": 3.0,
      "relevance": 4.666666666666667,
      "average": 3.25
    },
    "claude": {
      "correctness": 2.0,
      "completeness": 2.6666666666666665,
      "faithfulness": 2.6666666666666665,
      "relevance": 3.6666666666666665,
      "average": 2.75
    },
    "gemini": {
      "correctness": 2.6666666666666665,
      "completeness": 2.3333333333333335,
      "faithfulness": 4.0,
      "relevance": 5.0,
      "average": 3.5
    },
    "grok": {
      "correctness": 2.3333333333333335,
      "completeness": 2.6666666666666665,
      "faithfulness": 3.6666666666666665,
      "relevance": 4.666666666666667,
      "average": 3.3333333333333335
    }
  },
  "ensemble": {
    "correctness": 2.4166666666666665,
    "completeness": 2.583333333333333,
    "faithfulness": 3.333333333333333,
    "relevance": 4.5,
    "average": 3.2083333333333335
  }
}