{
  "res_id": "RES0198",
  "qid": "Q5",
  "question_type": "risk_factors",
  "per_model": {
    "gpt": {
      "correctness": 2.0,
      "completeness": 1.3333333333333333,
      "faithfulness": 2.0,
      "relevance": 3.0,
      "average": 2.0833333333333335
    },
    "claude": {
      "correctness": 2.0,
      "completeness": 2.0,
      "faithfulness": 3.0,
      "relevance": 2.3333333333333335,
      "average": 2.3333333333333335
    },
    "gemini": {
      "correctness": 2.0,
      "completeness": 2.0,
      "faithfulness": 2.0,
      "relevance": 4.0,
      "average": 2.5
    },
    "grok": {
      "correctness": 1.3333333333333333,
      "completeness": 1.6666666666666667,
      "faithfulness": 2.0,
      "relevance": 2.6666666666666665,
      "average": 1.9166666666666667
    }
  },
  "ensemble": {
    "correctness": 1.8333333333333333,
    "completeness": 1.75,
    "faithfulness": 2.25,
    "relevance": 3.0,
    "average": 2.2083333333333335
  }
}