{
  "res_id": "RES0216",
  "qid": "Q7",
  "question_type": "temporal_progression",
  "per_model": {
    "gpt": {
      "correctness": 2.3333333333333335,
      "completeness": 2.0,
      "faithfulness": 3.0,
      "relevance": 3.3333333333333335,
      "average": 2.6666666666666665
    },
    "claude": {
      "correctness": 2.0,
      "completeness": 2.0,
      "faithfulness": 2.6666666666666665,
      "relevance": 3.0,
      "average": 2.4166666666666665
    },
    "gemini": {
      "correctness": 2.3333333333333335,
      "completeness": 2.0,
      "faithfulness": 2.6666666666666665,
      "relevance": 4.333333333333333,
      "average": 2.8333333333333335
    },
    "grok": {
      "correctness": 2.0,
      "completeness": 2.0,
      "faithfulness": 2.0,
      "relevance": 4.0,
      "average": 2.5
    }
  },
  "ensemble": {
    "correctness": 2.166666666666667,
    "completeness": 2.0,
    "faithfulness": 2.583333333333333,
    "relevance": 3.666666666666667,
    "average": 2.6041666666666665
  }
}