{
  "res_id": "RES0200",
  "qid": "Q1",
  "question_type": "symptom_recall",
  "per_model": {
    "gpt": {
      "correctness": 2.6666666666666665,
      "completeness": 2.0,
      "faithfulness": 2.6666666666666665,
      "relevance": 3.0,
      "average": 2.5833333333333335
    },
    "claude": {
      "correctness": 2.0,
      "completeness": 2.0,
      "faithfulness": 3.0,
      "relevance": 3.0,
      "average": 2.5
    },
    "gemini": {
      "correctness": 3.0,
      "completeness": 2.0,
      "faithfulness": 3.6666666666666665,
      "relevance": 3.0,
      "average": 2.9166666666666665
    },
    "grok": {
      "correctness": 2.3333333333333335,
      "completeness": 2.0,
      "faithfulness": 3.3333333333333335,
      "relevance": 4.666666666666667,
      "average": 3.0833333333333335
    }
  },
  "ensemble": {
    "correctness": 2.5,
    "completeness": 2.0,
    "faithfulness": 3.1666666666666665,
    "relevance": 3.416666666666667,
    "average": 2.7708333333333335
  }
}