{
  "res_id": "RES0203",
  "qid": "Q5",
  "question_type": "risk_factors",
  "per_model": {
    "gpt": {
      "correctness": 2.0,
      "completeness": 1.6666666666666667,
      "faithfulness": 2.0,
      "relevance": 2.3333333333333335,
      "average": 2.0
    },
    "claude": {
      "correctness": 2.0,
      "completeness": 1.3333333333333333,
      "faithfulness": 2.3333333333333335,
      "relevance": 2.0,
      "average": 1.9166666666666667
    },
    "gemini": {
      "correctness": 1.0,
      "completeness": 1.0,
      "faithfulness": 1.6666666666666667,
      "relevance": 2.0,
      "average": 1.4166666666666667
    },
    "grok": {
      "correctness": 1.0,
      "completeness": 1.0,
      "faithfulness": 2.0,
      "relevance": 1.3333333333333333,
      "average": 1.3333333333333333
    }
  },
  "ensemble": {
    "correctness": 1.5,
    "completeness": 1.25,
    "faithfulness": 2.0,
    "relevance": 1.9166666666666667,
    "average": 1.6666666666666667
  }
}