{
  "res_id": "RES0215",
  "qid": "Q2",
  "question_type": "treatment_inventory",
  "per_model": {
    "gpt": {
      "correctness": 4.0,
      "completeness": 4.0,
      "faithfulness": 3.0,
      "relevance": 4.666666666666667,
      "average": 3.9166666666666665
    },
    "claude": {
      "correctness": 3.6666666666666665,
      "completeness": 3.0,
      "faithfulness": 3.0,
      "relevance": 4.0,
      "average": 3.4166666666666665
    },
    "gemini": {
      "correctness": 4.0,
      "completeness": 4.333333333333333,
      "faithfulness": 2.6666666666666665,
      "relevance": 5.0,
      "average": 4.0
    },
    "grok": {
      "correctness": 4.0,
      "completeness": 4.0,
      "faithfulness": 2.6666666666666665,
      "relevance": 5.0,
      "average": 3.9166666666666665
    }
  },
  "ensemble": {
    "correctness": 3.9166666666666665,
    "completeness": 3.833333333333333,
    "faithfulness": 2.833333333333333,
    "relevance": 4.666666666666667,
    "average": 3.8124999999999996
  }
}