{
  "res_id": "RES0201",
  "qid": "Q4",
  "question_type": "ruled_out",
  "per_model": {
    "gpt": {
      "correctness": 2.0,
      "completeness": 1.0,
      "faithfulness": 2.0,
      "relevance": 3.0,
      "average": 2.0
    },
    "claude": {
      "correctness": 1.0,
      "completeness": 1.0,
      "faithfulness": 1.0,
      "relevance": 2.0,
      "average": 1.25
    },
    "gemini": {
      "correctness": 2.0,
      "completeness": 1.3333333333333333,
      "faithfulness": 2.3333333333333335,
      "relevance": 2.6666666666666665,
      "average": 2.0833333333333335
    },
    "grok": {
      "correctness": 2.0,
      "completeness": 1.0,
      "faithfulness": 2.0,
      "relevance": 3.3333333333333335,
      "average": 2.0833333333333335
    }
  },
  "ensemble": {
    "correctness": 1.75,
    "completeness": 1.0833333333333333,
    "faithfulness": 1.8333333333333335,
    "relevance": 2.75,
    "average": 1.854166666666667
  }
}