{
  "res_id": "RES0201",
  "qid": "Q3",
  "question_type": "diagnostic_reasoning",
  "per_model": {
    "gpt": {
      "correctness": 2.0,
      "completeness": 2.0,
      "faithfulness": 2.0,
      "relevance": 3.0,
      "average": 2.25
    },
    "claude": {
      "correctness": 1.0,
      "completeness": 2.0,
      "faithfulness": 1.0,
      "relevance": 2.0,
      "average": 1.5
    },
    "gemini": {
      "correctness": 1.6666666666666667,
      "completeness": 2.0,
      "faithfulness": 1.0,
      "relevance": 2.0,
      "average": 1.6666666666666667
    },
    "grok": {
      "correctness": 2.0,
      "completeness": 2.0,
      "faithfulness": 1.6666666666666667,
      "relevance": 3.3333333333333335,
      "average": 2.25
    }
  },
  "ensemble": {
    "correctness": 1.6666666666666667,
    "completeness": 2.0,
    "faithfulness": 1.4166666666666667,
    "relevance": 2.5833333333333335,
    "average": 1.9166666666666667
  }
}