{
  "res_id": "RES0201",
  "qid": "Q2",
  "question_type": "treatment_inventory",
  "per_model": {
    "gpt": {
      "correctness": 3.0,
      "completeness": 2.0,
      "faithfulness": 3.3333333333333335,
      "relevance": 3.6666666666666665,
      "average": 3.0
    },
    "claude": {
      "correctness": 2.0,
      "completeness": 2.0,
      "faithfulness": 2.6666666666666665,
      "relevance": 2.0,
      "average": 2.1666666666666665
    },
    "gemini": {
      "correctness": 4.0,
      "completeness": 2.0,
      "faithfulness": 4.0,
      "relevance": 4.0,
      "average": 3.5
    },
    "grok": {
      "correctness": 2.0,
      "completeness": 1.6666666666666667,
      "faithfulness": 2.0,
      "relevance": 3.3333333333333335,
      "average": 2.25
    }
  },
  "ensemble": {
    "correctness": 2.75,
    "completeness": 1.9166666666666667,
    "faithfulness": 3.0,
    "relevance": 3.25,
    "average": 2.7291666666666665
  }
}