{
  "res_id": "RES0202",
  "qid": "Q1",
  "question_type": "symptom_recall",
  "per_model": {
    "gpt": {
      "correctness": 3.0,
      "completeness": 2.0,
      "faithfulness": 3.0,
      "relevance": 4.0,
      "average": 3.0
    },
    "claude": {
      "correctness": 2.0,
      "completeness": 2.6666666666666665,
      "faithfulness": 2.3333333333333335,
      "relevance": 3.0,
      "average": 2.5
    },
    "gemini": {
      "correctness": 2.5,
      "completeness": 2.0,
      "faithfulness": 2.5,
      "relevance": 4.0,
      "average": 2.75
    },
    "grok": {
      "correctness": 2.3333333333333335,
      "completeness": 2.3333333333333335,
      "faithfulness": 2.0,
      "relevance": 4.0,
      "average": 2.6666666666666665
    }
  },
  "ensemble": {
    "correctness": 2.4583333333333335,
    "completeness": 2.25,
    "faithfulness": 2.4583333333333335,
    "relevance": 3.75,
    "average": 2.7291666666666665
  }
}