{
  "res_id": "RES0212",
  "qid": "Q5",
  "question_type": "risk_factors",
  "per_model": {
    "gpt": {
      "correctness": 3.0,
      "completeness": 3.6666666666666665,
      "faithfulness": 2.0,
      "relevance": 4.0,
      "average": 3.1666666666666665
    },
    "claude": {
      "correctness": 2.6666666666666665,
      "completeness": 3.0,
      "faithfulness": 2.3333333333333335,
      "relevance": 4.0,
      "average": 3.0
    },
    "gemini": {
      "correctness": 3.6666666666666665,
      "completeness": 4.0,
      "faithfulness": 3.0,
      "relevance": 5.0,
      "average": 3.9166666666666665
    },
    "grok": {
      "correctness": 3.6666666666666665,
      "completeness": 4.0,
      "faithfulness": 2.3333333333333335,
      "relevance": 5.0,
      "average": 3.75
    }
  },
  "ensemble": {
    "correctness": 3.2499999999999996,
    "completeness": 3.6666666666666665,
    "faithfulness": 2.416666666666667,
    "relevance": 4.5,
    "average": 3.458333333333333
  }
}